X,Função W(x)
0.5,0.35173371124919584
1.0,0.5671432904097838
1.5,0.7258613577662263
2.0,0.8526055020137254
2.5,0.958586356728703
3.0,1.04990889496404
3.5,1.1302893269741359
4.0,1.2021678731970429
4.5,1.2672378143074348
5.0,1.3267246652422002
5.5,1.3815453794450412
6.0,1.4324047758983003
6.5,1.4798568301738515
7.0,1.5243452049841444
7.5,1.5662309537823875
8.0,1.6058119963201776
8.5,1.6433371447761014
9.0,1.6790164197855981
9.5,1.7130287790349636
10.0,1.7455280027406994
10.5,1.7766472413101468
11.0,1.806502575505666
11.5,1.8351958366093077
12.0,1.862816864432358
12.5,1.889445332942441
13.0,1.9151522395363565
13.5,1.9400011299307736
14.0,1.9640491132494777
14.5,1.9873477091453542
15.0,2.0099435593505657
15.5,2.03187902896888
16.0,2.0531927174626485
16.5,2.073919895187618
17.0,2.0940928781663217
17.5,2.1137413513307313
18.0,2.1328926485360857
18.5,2.151571996124529
19.0,2.169802725605733
19.5,2.1876064600519642
20.0,2.20500327802406
20.5,2.2220118582120634
21.0,2.2386496074588935
21.5,2.2549327744134153
22.0,2.270876550711971
22.5,2.28649516130031
23.0,2.3018019452693563
23.5,2.3168094283793272
24.0,2.331529388280119
24.5,2.3459729132957796
25.0,2.360150455522664
25.5,2.374071878890725
26.0,2.387746502752277
26.5,2.401183141490003
27.0,2.41439014057388
27.5,2.427375409443438
28.0,2.4401464515459144
28.5,2.4527103918213276
29.0,2.465074001891233
29.5,2.477243723178262
30.0,2.489225688157678
30.5,2.5010257399197036
31.0,2.5126494502016516
31.5,2.5241021360316895
32.0,2.535388875110911
32.5,2.5465145200470896
33.0,2.557483711541749
33.5,2.5683008906218263
34.0,2.578970309998023
34.5,2.5894960446238198
35.0,2.5998820015219013
35.5,2.6101319289383076
36.0,2.620249424878908
36.5,2.630237945077679
37.0,2.64010081044169
37.5,2.6498412140136107
38.0,2.6594622274888753
38.5,2.6689668073213513
39.0,2.678357800448373
39.5,2.6876379496633476
40.0,2.696809898661708
40.5,2.7058761967838305
41.0,2.714839303476542
41.5,2.7237015924930796
42.0,2.732465355849724
42.5,2.7411328075558825
43.0,2.749706087133045
43.5,2.7581872629368283
44.0,2.766578335295223
44.5,2.774881239475134
45.0,2.7830978484884055
45.5,2.7912299757476555
46.0,2.799279377581496
46.5,2.807247755617999
47.0,2.815136759044622
47.5,2.8229479867522227
48.0,2.8306829893702337
48.5,2.838343271199588
49.0,2.845930292049502
49.5,2.8534454689838173
50.0,2.8608901779822107
50.5,2.868265755521205
51.0,2.8755735000796028
51.5,2.882814673572646
52.0,2.8899905027189168
52.5,2.897102180343749
53.0,2.904150866622654
53.5,2.911137690268057
54.0,2.9180637496624247
54.5,2.9249301139406696
55.0,2.9317378240245375
55.5,2.9384878936115193
56.0,2.9451813101206707
56.5,2.9518190355975764
57.0,2.9584020075805664
57.5,2.9649311399301634
58.0,2.971407323623617
58.5,2.9778314275162874
59.0,2.984204299071516
59.5,2.9905267650605527
60.0,2.9967996322339916
60.5,3.0030236879661105
61.0,3.009199700873411
61.5,3.015328421408594
62.0,3.021410582431139
62.5,3.027446899755577
63.0,3.0334380726785115
63.5,3.039384784485355
64.0,3.0452877029377263
64.5,3.051147480742383
65.0,3.056964756002524
65.5,3.062740152652255
66.0,3.068474280874968
66.5,3.074167737506341
67.0,3.079821106422639
67.5,3.0854349589149517
68.0,3.0910098540499797
68.5,3.0965463390179417
69.0,3.1020449494681572
69.5,3.1075062098328226
70.0,3.1129306336394778
70.5,3.1183187238126333
71.0,3.1236709729650136
71.5,3.1289878636788306
72.0,3.1342698687775115
72.5,3.1395174515882522
73.0,3.1447310661957797
73.5,3.149911157687665
74.0,3.1550581623915255
74.5,3.1601725081044445
75.0,3.1652546143148985
75.5,3.1703048924175006
76.0,3.1753237459208226
76.5,3.1803115706485774
77.0,3.185268754934401
77.5,3.1901956798104876
78.0,3.195092719190306
78.5,3.1999602400456175
79.0,3.204798602578011
79.5,3.2096081603851565
80.0,3.2143892606219695
80.5,3.2191422441568793
81.0,3.2238674457233674
81.5,3.2285651940669613
82.0,3.2332358120878326
82.5,3.237879616979169
83.0,3.24249692036146
83.5,3.247088028412845
84.0,3.251653241995666
84.5,3.256192856779345
85.0,3.260707163359728
85.5,3.2651964473750072
86.0,3.269660989618342
86.5,3.27410106614729
87.0,3.2785169483901604
87.5,3.282908903249387
88.0,3.2872771932020237
88.5,3.2916220763974597
89.0,3.2959438067524442
89.5,3.3002426340435096
90.0,3.3045188039968783
90.5,3.308772558375936
91.0,3.3130041350663504
91.5,3.317213768158909
92.0,3.3214016880301505
92.5,3.3255681214208606
93.0,3.3297132915125
93.5,3.3338374180016257
94.0,3.337940717172379
94.5,3.3420234019670847
95.0,3.3460856820550333
95.5,3.3501277638995
96.0,3.354149850823047
96.5,3.3581521430711714
97.0,3.3621348378743416
97.5,3.3660981295084755
98.0,3.3700422093539064
98.5,3.373967265952878
99.0,3.377873485065618
99.5,3.381761049725032
100.0,3.38563014029005
100.5,3.3894809344976773
101.0,3.3933136075137775
101.5,3.3971283319826333
102.0,3.4009252780753094
102.5,3.4047046135368646
103.0,3.408466503732434
103.5,3.412211111692226
104.0,3.4159385981554475
104.5,3.419649121613212
105.0,3.423342838350433
105.5,3.4270199024867494
106.0,3.430680466016504
106.5,3.434324678847798
107.0,3.437952688840655
107.5,3.4415646418443058
108.0,3.445160681733636
108.5,3.4487409504448037
109.0,3.452305588010055
109.5,3.4558547325917615
110.0,3.4593885205157004
110.5,3.462907086303589
111.0,3.466410562704908
111.5,3.4698990807280183
112.0,3.473372769670598
112.5,3.476831757149417
113.0,3.4802761691294637
113.5,3.483706129952441
114.0,3.487121762364649
114.5,3.490523187544272
115.0,3.4939105251280824
115.5,3.4972838932375736
116.0,3.500643408504546
116.5,3.5039891860961476
117.0,3.5073213397393954
117.5,3.5106399817451797
118.0,3.51394522303177
118.5,3.5172371731478367
119.0,3.520515940294994
119.5,3.5237816313498818
120.0,3.5270343518857974
120.5,3.5302742061938814
121.0,3.5335012973038795
121.5,3.5367157270044793
122.0,3.5399175958632436
122.5,3.54310700324614
123.0,3.5462840473366786
123.5,3.5494488251546787
124.0,3.5526014325746504
124.5,3.555741964343826
125.0,3.5588705140998287
125.5,3.561987174387999
126.0,3.565092036678385
126.5,3.568185191382398
127.0,3.5712667278691512
127.5,3.574336734481479
128.0,3.5773952985516533
128.5,3.5804425064167957
129.0,3.5834784434339984
129.5,3.5865031939951577
130.0,3.5895168415415277
130.5,3.5925194685779975
131.0,3.5955111566871047
131.5,3.5984919865427845
132.0,3.6014620379238633
132.5,3.6044213897273023
133.0,3.6073701199811956
133.5,3.6103083058575325
134.0,3.61323602368472
134.5,3.616153348959882
135.0,3.619060356360931
135.5,3.6219571197584246
136.0,3.6248437122272015
136.5,3.6277202060578166
137.0,3.630586672767763
137.5,3.6334431831124983
138.0,3.6362898070962735
138.5,3.639126613982768
139.0,3.6419536723055383
139.5,3.6447710498782846
140.0,3.647578813804931
140.5,3.6503770304895364
141.0,3.653165765646028
141.5,3.6559450843077657
142.0,3.658715050836947
142.5,3.66147572893384
143.0,3.6642271816458662
143.5,3.6669694713765235
144.0,3.6697026598941562
144.5,3.67242680834058
145.0,3.6751419772395555
145.5,3.6778482265051236
146.0,3.6805456154497964
146.5,3.6832342027926126
147.0,3.685914046667058
147.5,3.688585204628856
148.0,3.691247733663622
148.5,3.693901690194401
149.0,3.696547130089072
149.5,3.6991841086676347
150.0,3.7018126807093776
150.5,3.704432900459927
151.0,3.7070448216381795
151.5,3.709648497443129
152.0,3.7122439805605745
152.5,3.714831323169726
153.0,3.7174105769497006
153.5,3.7199817930859167
154.0,3.7225450222763867
154.5,3.7251003147379054
155.0,3.7276477202121456
155.5,3.7301872879716536
156.0,3.7327190668257506
156.5,3.7352431051263437
157.0,3.737759450773644
157.5,3.740268151221794
158.0,3.742769253484411
158.5,3.7452628041400415
159.0,3.747748849337533
159.5,3.750227434801321
160.0,3.7526986058366374
160.5,3.7551624073346375
161.0,3.7576188837774476
161.5,3.7600680792431374
162.0,3.762510037410618
162.5,3.7649448015644618
163.0,3.7673724145996537
163.5,3.7697929190262687
164.0,3.77220635697408
164.5,3.774612770197096
165.0,3.777012200078036
165.5,3.7794046876327316
166.0,3.7817902735144657
166.5,3.784168998018252
167.0,3.7865409010850413
167.5,3.7889060223058793
168.0,3.7912644009259906
168.5,3.7936160758488113
169.0,3.795961085639961
169.5,3.7982994685311544
170.0,3.80063126242406
170.5,3.802956504894101
171.0,3.8052752331942035
171.5,3.8075874842584874
172.0,3.8098932947059065
172.5,3.812192700843839
173.0,3.8144857386716233
173.5,3.8167724438840445
174.0,3.819052851874773
174.5,3.8213269977397535
175.0,3.8235949162805465
175.5,3.825856642007623
176.0,3.8281122091436126
176.5,3.8303616516265087
177.0,3.8326050031128256
177.5,3.834842296980713
178.0,3.8370735663330295
178.5,3.8392988440003726
179.0,3.841518162544064
179.5,3.843731554259099
180.0,3.845939051177052
180.5,3.8481406850689446
181.0,3.850336487448071
181.5,3.852526489572792
182.0,3.8547107224492825
182.5,3.85688921683425
183.0,3.859062003237609
183.5,3.861229111925128
184.0,3.8633905729210336
184.5,3.865546416010582
185.0,3.8676966707425997
185.5,3.8698413664319866
186.0,3.8719805321621856
186.5,3.8741141967876245
187.0,3.8762423889361193
187.5,3.8783651370112513
188.0,3.88048246919471
188.5,3.8825944134486057
189.0,3.8847009975177533
189.5,3.8868022489319256
190.0,3.888898195008078
190.5,3.890988862852542
191.0,3.8930742793631943
191.5,3.895154471231596
192.0,3.8972294649451027
192.5,3.899299286788951
193.0,3.901363962848316
193.5,3.903423519010344
194.0,3.9054779809661575
194.5,3.907527374212837
195.0,3.9095717240553767
195.5,3.911611055608615
196.0,3.913645393799144
196.5,3.915674763367187
197.0,3.9176991888684647
197.5,3.9197186946760274
198.0,3.9217333049820686
198.5,3.9237430437997176
199.0,3.925747934964807
199.5,3.92774800213762
200.0,3.9297432688046174
200.5,3.9317337582801386
201.0,3.9337194937080877
201.5,3.9357004980635955
202.0,3.9376767941546618
202.5,3.939648404623778
203.0,3.941615351949531
203.5,3.9435776584481843
204.0,3.945535346275245
204.5,3.947488437427008
205.0,3.949436953742082
205.5,3.9513809169029015
206.0,3.953320348437212
206.5,3.955255269719549
207.0,3.957185701972689
207.5,3.959111666269087
208.0,3.9610331835323023
208.5,3.962950274538398
209.0,3.96486295991733
209.5,3.96677126015432
210.0,3.968675195591208
210.5,3.9705747864277936
211.0,3.9724700527231596
211.5,3.974361014396979
212.0,3.9762476912308107
212.5,3.978130102869374
213.0,3.9800082688218157
213.5,3.9818822084629564
214.0,3.9837519410345252
214.5,3.9856174856463813
215.0,3.987478861277719
215.5,3.9893360867782595
216.0,3.991189180869432
216.5,3.993038162145538
217.0,3.9948830490749025
217.5,3.9967238600010138
218.0,3.998560613143651
218.5,4.000393326599995
219.0,4.0022220183457335
219.5,4.004046706236144
220.0,4.005867408007177
220.5,4.007684141276515
221.0,4.009496923544627
221.5,4.0113057721958105
222.0,4.013110704499218
222.5,4.01491173760988
223.0,4.016708888569706
223.5,4.018502174308483
224.0,4.0202916116448595
224.5,4.02207721728732
225.0,4.0238590078351475
225.5,4.025636999779376
226.0,4.027411209503733
226.5,4.029181653285573
227.0,4.030948347296794
227.5,4.0327113076047585
228.0,4.034470550173187
228.5,4.036226090863053
229.0,4.03797794543347
229.5,4.039726129542557
230.0,4.041470658748309
230.5,4.043211548509447
231.0,4.044948814186268
231.5,4.0466824710414775
232.0,4.048412534241018
232.5,4.050139018854892
233.0,4.051861939857963
233.5,4.053581312130768
234.0,4.055297150460303
234.5,4.057009469540811
235.0,4.058718283974558
235.5,4.060423608272602
236.0,4.0621254568555525
236.5,4.063823844054323
237.0,4.065518784110877
237.5,4.067210291178962
238.0,4.068898379324846
238.5,4.070583062528031
239.0,4.07226435468197
239.5,4.073942269594776
240.0,4.07561682098992
240.5,4.077288022506926
241.0,4.078955887702053
241.5,4.080620430048974
242.0,4.082281662939451
242.5,4.083939599683996
243.0,4.0855942535125305
243.5,4.087245637575038
244.0,4.088893764942207
244.5,4.090538648606069
245.0,4.092180301480632
245.5,4.093818736402506
246.0,4.095453966131519
246.5,4.097086003351336
247.0,4.09871486067006
247.5,4.100340550620834
248.0,4.101963085662442
248.5,4.10358247817989
249.0,4.10519874048499
249.5,4.106811884816946
250.0,4.108421923342915
250.5,4.110028868158578
251.0,4.111632731288701
251.5,4.11323352468769
252.0,4.114831260240138
252.5,4.116425949761371
253.0,4.1180176049979895
253.5,4.119606237628396
254.0,4.12119185926333
254.5,4.122774481446388
255.0,4.124354115654541
255.5,4.12593077329865
256.0,4.127504465723974
256.5,4.129075204210672
257.0,4.1306429999743015
257.5,4.132207864166318
258.0,4.133769807874556
258.5,4.135328842123718
259.0,4.1368849778758525
259.5,4.138438226030833
260.0,4.139988597426826
260.5,4.141536102840754
261.0,4.143080752988766
261.5,4.144622558526686
262.0,4.146161530050473
262.5,4.147697678096666
263.0,4.149231013142832
263.5,4.150761545608003
264.0,4.152289285853115
264.5,4.153814244181443
265.0,4.15533643083902
265.5,4.156855856015073
266.0,4.158372529842437
266.5,4.159886462397974
267.0,4.161397663702983
267.5,4.162906143723611
268.0,4.164411912371259
268.5,4.165914979502983
269.0,4.167415354921888
269.5,4.168913048377531
270.0,4.170408069566301
270.5,4.171900428131814
271.0,4.1733901336652925
271.5,4.174877195705946
272.0,4.17636162374135
272.5,4.177843427207815
273.0,4.179322615490761
273.5,4.1807991979250785
274.0,4.182273183795498
274.5,4.183744582336945
275.0,4.185213402734897
275.5,4.18667965412574
276.0,4.188143345597117
276.5,4.189604486188273
277.0,4.191063084890404
277.5,4.192519150646992
278.0,4.19397269235415
278.5,4.19542371886095
279.0,4.196872238969761
279.5,4.198318261436573
280.0,4.199761794971328
280.5,4.201202848238238
281.0,4.202641429856112
281.5,4.204077548398667
282.0,4.205511212394848
282.5,4.206942430329137
283.0,4.208371210641866
283.5,4.209797561729519
284.0,4.2112214919450395
284.5,4.21264300959813
285.0,4.214062122955554
285.5,4.215478840241429
286.0,4.216893169637522
286.5,4.218305119283537
287.0,4.219714697277411
287.5,4.221121911675592
288.0,4.222526770493329
288.5,4.223929281704951
289.0,4.225329453244145
289.5,4.226727293004233
290.0,4.228122808838448
290.5,4.229516008560202
291.0,4.23090689994336
291.5,4.232295490722505
292.0,4.233681788593204
292.5,4.235065801212267
293.0,4.236447536198013
293.5,4.237827001130527
294.0,4.239204203551912
294.5,4.24057915096655
295.0,4.241951850841345
295.5,4.243322310605984
296.0,4.244690537653175
296.5,4.246056539338896
297.0,4.2474203229826415
297.5,4.24878189586766
298.0,4.250141265241197
298.5,4.251498438314728
299.0,4.2528534222642
299.5,4.25420622423026
300.0,4.2555568513184925
300.5,4.256905310599642
301.0,4.258251609109848
301.5,4.259595753850868
302.0,4.2609377517903
302.5,4.262277609861811
303.0,4.2636153349653485
303.5,4.264950933967369
304.0,4.266284413701049
304.5,4.267615780966501
305.0,4.2689450425309925
305.5,4.270272205129147
306.0,4.271597275463166
306.5,4.272920260203029
307.0,4.274241165986706
307.5,4.275559999420358
308.0,4.2768767670785435
308.5,4.2781914755044195
309.0,4.279504131209942
309.5,4.280814740676063
310.0,4.28212331035293
310.5,4.283429846660081
311.0,4.284734355986635
311.5,4.286036844691492
312.0,4.287337319103516
312.5,4.288635785521727
313.0,4.289932250215491
313.5,4.2912267194247065
314.0,4.292519199359984
314.5,4.293809696202835
315.0,4.295098216105854
315.5,4.2963847651928955
316.0,4.297669349559257
316.5,4.298951975271853
317.0,4.300232648369395
317.5,4.301511374862565
318.0,4.302788160734188
318.5,4.304063011939409
319.0,4.305335934405856
319.5,4.306606934033819
320.0,4.307876016696411
320.5,4.309143188239737
321.0,4.310408454483066
321.5,4.311671821218985
322.0,4.312933294213569
322.5,4.3141928792065425
323.0,4.315450581911438
323.5,4.31670640801576
324.0,4.317960363181137
324.5,4.319212453043484
325.0,4.3204626832131545
325.5,4.3217110592751
326.0,4.322957586789018
326.5,4.3242022712895105
327.0,4.325445118286228
327.5,4.326686133264028
328.0,4.327925321683116
328.5,4.3291626889792
329.0,4.330398240563634
329.5,4.33163198182356
330.0,4.332863918122063
330.5,4.334094054798305
331.0,4.33532239716767
331.5,4.336548950521908
332.0,4.337773720129272
332.5,4.338996711234659
333.0,4.340217929059748
333.5,4.341437378803138
334.0,4.342655065640482
334.5,4.343870994724625
335.0,4.345085171185737
335.5,4.346297600131443
336.0,4.3475082866469625
336.5,4.3487172357952355
337.0,4.349924452617052
337.5,4.351129942131185
338.0,4.352333709334517
338.5,4.353535759202168
339.0,4.354736096687621
339.5,4.355934726722849
340.0,4.35713165421844
340.5,4.35832688406372
341.0,4.359520421126872
341.5,4.360712270255067
342.0,4.361902436274578
342.5,4.363090923990902
343.0,4.364277738188881
343.5,4.365462883632819
344.0,4.366646365066599
344.5,4.367828187213803
345.0,4.369008354777823
345.5,4.370186872441982
346.0,4.371363744869646
346.5,4.372538976704332
347.0,4.373712572569833
347.5,4.374884537070316
348.0,4.376054874790446
348.5,4.377223590295487
349.0,4.378390688131415
349.5,4.379556172825027
350.0,4.380720048884051
350.5,4.381882320797246
351.0,4.383042993034519
351.5,4.384202070047023
352.0,4.385359556267263
352.5,4.386515456109206
353.0,4.3876697739683745
353.5,4.388822514221961
354.0,4.389973681228921
354.5,4.391123279330077
355.0,4.392271312848222
355.5,4.393417786088217
356.0,4.39456270333709
356.5,4.395706068864137
357.0,4.396847886921016
357.5,4.397988161741848
358.0,4.399126897543313
358.5,4.400264098524744
359.0,4.401399768868223
359.5,4.402533912738678
360.0,4.403666534283973
360.5,4.404797637635005
361.0,4.405927226905794
361.5,4.407055306193577
362.0,4.4081818795788985
362.5,4.4093069511257
363.0,4.410430524881413
363.5,4.4115526048770475
364.0,4.4126731951272795
364.5,4.413792299630542
365.0,4.414909922369109
365.5,4.416026067309185
366.0,4.417140738400996
366.5,4.418253939578865
367.0,4.419365674761309
367.5,4.420475947851113
368.0,4.4215847627354234
368.5,4.4226921232858265
369.0,4.423798033358434
369.5,4.424902496793963
370.0,4.4260055174178214
370.5,4.427107099040187
371.0,4.428207245456089
371.5,4.42930596044549
372.0,4.430403247773362
372.5,4.43149911118977
373.0,4.43259355442995
373.5,4.433686581214385
374.0,4.434778195248883
374.5,4.435868400224659
375.0,4.436957199818404
375.5,4.43804459769237
376.0,4.439130597494438
376.5,4.440215202858198
377.0,4.441298417403021
377.5,4.442380244734137
378.0,4.443460688442705
378.5,4.444539752105886
379.0,4.445617439286922
379.5,4.446693753535199
380.0,4.447768698386329
380.5,4.448842277362211
381.0,4.449914493971112
381.5,4.450985351707729
382.0,4.452054854053265
382.5,4.453123004475496
383.0,4.45418980642884
383.5,4.455255263354427
384.0,4.456319378680167
384.5,4.457382155820816
385.0,4.458443598178045
385.5,4.459503709140507
386.0,4.460562492083905
386.5,4.461619950371053
387.0,4.462676087351947
387.5,4.46373090636383
388.0,4.464784410731251
388.5,4.465836603766136
389.0,4.46688748876785
389.5,4.46793706902326
390.0,4.468985347806798
390.5,4.470032328380523
391.0,4.4710780139941875
391.5,4.472122407885294
392.0,4.473165513279162
392.5,4.474207333388985
393.0,4.475247871415892
393.5,4.476287130549011
394.0,4.4773251139655255
394.5,4.478361824830737
395.0,4.479397266298121
395.5,4.480431441509392
396.0,4.481464353594554
396.5,4.482496005671965
397.0,4.483526400848394
397.5,4.484555542219074
398.0,4.485583432867766
398.5,4.4866100758668095
399.0,4.487635474277184
399.5,4.488659631148562
400.0,4.489682549519365
400.5,4.490704232416822
401.0,4.4917246828570185
401.5,4.492743903844959
402.0,4.493761898374614
402.5,4.494778669428979
403.0,4.495794219980126
403.5,4.496808552989259
404.0,4.497821671406764
404.5,4.498833578172264
405.0,4.49984427621467
405.5,4.500853768452237
406.0,4.501862057792608
406.5,4.502869147132875
407.0,4.503875039359621
407.5,4.50487973734898
408.0,4.505883243966678
408.5,4.506885562068091
409.0,4.507886694498293
409.5,4.508886644092102
410.0,4.509885413674132
410.5,4.510883006058846
411.0,4.511879424050595
411.5,4.5128746704436775
412.0,4.51386874802238
412.5,4.514861659561026
413.0,4.515853407824029
413.5,4.516843995565932
414.0,4.517833425531459
414.5,4.518821700455563
415.0,4.519808823063468
415.5,4.520794796070721
416.0,4.521779622183229
416.5,4.522763304097316
417.0,4.523745844499759
417.5,4.5247272460678385
418.0,4.525707511469381
418.5,4.5266866433628055
419.0,4.527664644397164
419.5,4.528641517212188
420.0,4.529617264438335
420.5,4.530591888696828
421.0,4.5315653925997
421.5,4.532537778749836
422.0,4.533509049741019
422.5,4.534479208157968
423.0,4.5354482565763865
423.5,4.536416197562997
424.0,4.537383033675589
424.5,4.538348767463056
425.0,4.5393134014654395
425.5,4.540276938213971
426.0,4.54123938023111
426.5,4.5422007300305856
427.0,4.543160990117437
427.5,4.544120162988055
428.0,4.54507825113022
428.5,4.54603525702314
429.0,4.546991183137497
429.5,4.547946031935477
430.0,4.548899805870815
430.5,4.549852507388833
431.0,4.550804138926477
431.5,4.551754702912357
432.0,4.5527042017667805
432.5,4.553652637901799
433.0,4.554600013721238
433.5,4.555546331620738
434.0,4.556491593987788
434.5,4.55743580320177
435.0,4.558378961633987
435.5,4.559321071647707
436.0,4.560262135598193
436.5,4.561202155832744
437.0,4.56214113469073
437.5,4.563079074503626
438.0,4.564015977595048
438.5,4.56495184628079
439.0,4.565886682868858
439.5,4.566820489659506
440.0,4.567753268945268
440.5,4.568685023010994
441.0,4.569615754133889
441.5,4.570545464583539
442.0,4.571474156621951
442.5,4.572401832503584
443.0,4.573328494475384
443.5,4.574254144776818
444.0,4.5751787856399035
444.5,4.5761024192892465
445.0,4.577025047942073
445.5,4.577946673808258
446.0,4.578867299090363
446.5,4.579786925983665
447.0,4.580705556676192
447.5,4.58162319334875
448.0,4.58253983817496
448.5,4.583455493321287
449.0,4.58437016094707
449.5,4.585283843204557
450.0,4.586196542238934
450.5,4.587108260188356
451.0,4.588018999183976
451.5,4.588928761349981
452.0,4.589837548803616
452.5,4.590745363655219
453.0,4.591652208008249
453.5,4.5925580839593145
454.0,4.593462993598207
454.5,4.594366939007929
455.0,4.595269922264722
455.5,4.596171945438098
456.0,4.597073010590864
456.5,4.59797311977916
457.0,4.598872275052479
457.5,4.599770478453699
458.0,4.600667732019113
458.5,4.601564037778456
459.0,4.602459397754931
459.5,4.60335381396524
460.0,4.604247288419613
460.5,4.6051398231218315
461.0,4.606031420069259
461.5,4.606922081252869
462.0,4.607811808657271
462.5,4.608700604260735
463.0,4.609588470035225
463.5,4.610475407946421
464.0,4.611361419953746
464.5,4.612246508010395
465.0,4.61313067406336
465.5,4.614013920053454
466.0,4.614896247915343
466.5,4.615777659577566
467.0,4.616658156962565
467.5,4.617537741986707
468.0,4.618416416560314
468.5,4.619294182587686
469.0,4.620171041967126
469.5,4.621046996590964
470.0,4.6219220483455885
470.5,4.6227961991114634
471.0,4.623669450763157
471.5,4.624541805169366
472.0,4.62541326419294
472.5,4.626283829690907
473.0,4.627153503514495
473.5,4.628022287509159
474.0,4.628890183514605
474.5,4.62975719336481
475.0,4.63062331888805
475.5,4.631488561906924
476.0,4.632352924238372
476.5,4.633216407693707
477.0,4.6340790140786305
477.5,4.634940745193259
478.0,4.6358016028321485
478.5,4.636661588784315
479.0,4.637520704833257
479.5,4.63837895275698
480.0,4.639236334328022
480.5,4.640092851313465
481.0,4.640948505474973
481.5,4.6418032985688
482.0,4.6426572323458215
482.5,4.6435103085515514
483.0,4.644362528926168
483.5,4.645213895204532
484.0,4.646064409116208
484.5,4.646914072385492
485.0,4.647762886731425
485.5,4.6486108538678215
486.0,4.649457975503283
486.5,4.650304253341227
487.0,4.651149689079904
487.5,4.651994284412416
488.0,4.652838041026744
488.5,4.653680960605762
489.0,4.654523044827263
489.5,4.6553642953639764
490.0,4.656204713883587
490.5,4.657044302048759
491.0,4.657883061517157
491.5,4.658720993941458
492.0,4.659558100969382
492.5,4.660394384243705
493.0,4.66122984540228
493.5,4.66206448607806
494.0,4.662898307899112
494.5,4.663731312488641
495.0,4.664563501465008
495.5,4.66539487644175
496.0,4.666225439027596
496.5,4.667055190826493
497.0,4.667884133437615
497.5,4.66871226845539
498.0,4.669539597469519
498.5,4.670366122064987
499.0,4.6711918438220925
499.5,4.672016764316454
500.0,4.67284088511904
500.5,4.67366420779618
501.0,4.674486733909584
501.5,4.6753084650163625
502.0,4.676129402669044
502.5,4.676949548415593
503.0,4.677768903799426
503.5,4.678587470359433
504.0,4.67940524962999
504.5,4.6802222431409835
505.0,4.681038452417822
505.5,4.681853878981458
506.0,4.6826685243484
506.5,4.683482390030736
507.0,4.684295477536148
507.5,4.685107788367927
508.0,4.685919324024993
508.5,4.68673008600191
509.0,4.687540075788907
509.5,4.688349294871888
510.0,4.689157744732455
510.5,4.6899654268479205
511.0,4.690772342691328
511.5,4.691578493731463
512.0,4.692383881432874
512.5,4.69318850725589
513.0,4.693992372656631
513.5,4.694795479087026
514.0,4.6955978279948365
514.5,4.696399420823661
515.0,4.697200259012958
515.5,4.698000343998061
516.0,4.698799677210193
516.5,4.699598260076483
517.0,4.700396094019982
517.5,4.701193180459676
518.0,4.701989520810506
518.5,4.70278511648338
519.0,4.703579968885189
519.5,4.704374079418823
520.0,4.705167449483184
520.5,4.705960080473207
521.0,4.706751973779867
521.5,4.7075431307901985
522.0,4.708333552887312
522.5,4.709123241450404
523.0,4.709912197854775
523.5,4.710700423471847
524.0,4.71148791966917
524.5,4.712274687810445
525.0,4.713060729255531
525.5,4.713846045360468
526.0,4.714630637477483
526.5,4.715414506955009
527.0,4.716197655137698
527.5,4.716980083366437
528.0,4.717761792978358
528.5,4.7185427853068544
529.0,4.719323061681598
529.5,4.720102623428546
530.0,4.720881471869961
530.5,4.721659608324423
531.0,4.72243703410684
531.5,4.723213750528467
532.0,4.7239897588969155
532.5,4.724765060516167
533.0,4.72553965668659
533.5,4.72631354870495
534.0,4.727086737864425
534.5,4.7278592254546155
535.0,4.7286310127615625
535.5,4.729402101067755
536.0,4.730172491652151
536.5,4.730942185790179
537.0,4.731711184753764
537.5,4.732479489811331
538.0,4.733247102227819
538.5,4.7340140232647
539.0,4.7347802541799835
539.5,4.7355457962282355
540.0,4.736310650660588
540.5,4.737074818724751
541.0,4.737838301665028
541.5,4.738601100722325
542.0,4.739363217134165
542.5,4.740124652134701
543.0,4.740885406954725
543.5,4.741645482821683
544.0,4.742404880959688
544.5,4.7431636025895285
545.0,4.743921648928684
545.5,4.744679021191334
546.0,4.745435720588373
546.5,4.746191748327419
547.0,4.746947105612831
547.5,4.747701793645712
548.0,4.748455813623929
548.5,4.749209166742121
549.0,4.749961854191709
549.5,4.750713877160913
550.0,4.751465236834757
550.5,4.752215934395084
551.0,4.7529659710205685
551.5,4.7537153478867245
552.0,4.754464066165919
552.5,4.755212127027385
553.0,4.755959531637227
553.5,4.756706281158439
554.0,4.7574523767509085
554.5,4.758197819571435
555.0,4.758942610773735
555.5,4.7596867515084575
556.0,4.76043024292319
556.5,4.761173086162475
557.0,4.761915282367815
557.5,4.762656832677688
558.0,4.763397738227557
558.5,4.764138000149877
559.0,4.764877619574112
559.5,4.765616597626741
560.0,4.766354935431268
560.5,4.767092634108238
561.0,4.76782969477524
561.5,4.768566118546923
562.0,4.769301906535005
562.5,4.77003705984828
563.0,4.770771579592634
563.5,4.77150546687105
564.0,4.772238722783621
564.5,4.772971348427561
565.0,4.773703344897211
565.5,4.774434713284053
566.0,4.775165454676717
566.5,4.775895570160995
567.0,4.776625060819847
567.5,4.777353927733412
568.0,4.778082171979017
568.5,4.778809794631192
569.0,4.77953679676167
569.5,4.780263179439406
570.0,4.780988943730582
570.5,4.7817140906986175
571.0,4.782438621404177
571.5,4.783162536905184
572.0,4.783885838256828
572.5,4.784608526511573
573.0,4.785330602719168
573.5,4.786052067926656
574.0,4.786772923178384
574.5,4.7874931695160114
575.0,4.78821280797852
575.5,4.788931839602224
576.0,4.789650265420774
576.5,4.790368086465175
577.0,4.791085303763787
577.5,4.79180191834234
578.0,4.792517931223939
578.5,4.793233343429074
579.0,4.793948155975634
579.5,4.794662369878903
580.0,4.795375986151587
580.5,4.796089005803806
581.0,4.796801429843111
581.5,4.797513259274495
582.0,4.798224495100394
582.5,4.798935138320702
583.0,4.799645189932778
583.5,4.800354650931453
584.0,4.8010635223090405
584.5,4.801771805055343
585.0,4.802479500157662
585.5,4.803186608600807
586.0,4.8038931313671025
586.5,4.804599069436397
587.0,4.80530442378607
587.5,4.806009195391043
588.0,4.806713385223786
588.5,4.807416994254327
589.0,4.808120023450255
589.5,4.808822473776737
590.0,4.80952434619652
590.5,4.81022564166994
591.0,4.810926361154931
591.5,4.811626505607033
592.0,4.812326075979399
592.5,4.813025073222804
593.0,4.813723498285654
593.5,4.814421352113989
594.0,4.815118635651496
594.5,4.815815349839518
595.0,4.816511495617053
595.5,4.817207073920773
596.0,4.8179020856850245
596.5,4.818596531841838
597.0,4.819290413320934
597.5,4.819983731049738
598.0,4.820676485953374
598.5,4.8213686789546895
599.0,4.822060310974247
599.5,4.822751382930343
600.0,4.823441895739009
600.5,4.824131850314022
601.0,4.824821247566912
601.5,4.825510088406966
602.0,4.826198373741238
602.5,4.826886104474558
603.0,4.827573281509536
603.5,4.82825990574657
604.0,4.828945978083857
604.5,4.829631499417392
605.0,4.830316470640985
605.5,4.8310008926462595
606.0,4.831684766322668
606.5,4.832368092557488
607.0,4.833050872235843
607.5,4.833733106240697
608.0,4.834414795452869
608.5,4.835095940751037
609.0,4.835776543011745
609.5,4.836456603109412
610.0,4.837136121916337
610.5,4.837815100302704
611.0,4.838493539136594
611.5,4.839171439283988
612.0,4.839848801608774
612.5,4.840525626972756
613.0,4.841201916235657
613.5,4.841877670255129
614.0,4.842552889886759
614.5,4.843227575984075
615.0,4.843901729398552
615.5,4.84457535097962
616.0,4.84524844157467
616.5,4.845921002029059
617.0,4.846593033186122
617.5,4.847264535887168
618.0,4.847935510971499
618.5,4.848605959276409
619.0,4.849275881637189
619.5,4.849945278887138
620.0,4.8506141518575685
620.5,4.851282501377811
621.0,4.851950328275219
621.5,4.852617633375182
622.0,4.853284417501123
622.5,4.853950681474511
623.0,4.854616426114864
623.5,4.855281652239758
624.0,4.85594636066483
624.5,4.856610552203786
625.0,4.857274227668406
625.5,4.857937387868553
626.0,4.858600033612174
626.5,4.859262165705311
627.0,4.859923784952104
627.5,4.860584892154798
628.0,4.861245488113749
628.5,4.861905573627428
629.0,4.862565149492434
629.5,4.863224216503487
630.0,4.8638827754534475
630.5,4.864540827133314
631.0,4.86519837233223
631.5,4.8658554118374955
632.0,4.866511946434562
632.5,4.867167976907049
633.0,4.8678235040367435
633.5,4.868478528603608
634.0,4.869133051385785
634.5,4.869787073159603
635.0,4.870440594699585
635.5,4.871093616778448
636.0,4.871746140167113
636.5,4.8723981656347135
637.0,4.873049693948593
637.5,4.873700725874315
638.0,4.87435126217567
638.5,4.87500130361468
639.0,4.875650850951601
639.5,4.876299904944934
640.0,4.876948466351422
640.5,4.877596535926067
641.0,4.878244114422124
641.5,4.878891202591113
642.0,4.879537801182825
642.5,4.880183910945321
643.0,4.880829532624944
643.5,4.88147466696632
644.0,4.882119314712368
644.5,4.882763476604298
645.0,4.883407153381624
645.5,4.884050345782163
646.0,4.884693054542044
646.5,4.8853352803957115
647.0,4.885977024075931
647.5,4.886618286313795
648.0,4.887259067838727
648.5,4.887899369378486
649.0,4.888539191659173
649.5,4.889178535405236
650.0,4.889817401339474
650.5,4.890455790183044
651.0,4.8910937026554615
651.5,4.891731139474611
652.0,4.892368101356747
652.5,4.893004589016502
653.0,4.893640603166888
653.5,4.894276144519306
654.0,4.894911213783545
654.5,4.895545811667791
655.0,4.896179938878631
655.5,4.896813596121057
656.0,4.897446784098475
656.5,4.898079503512699
657.0,4.89871175506397
657.5,4.89934353945095
658.0,4.899974857370731
658.5,4.900605709518841
659.0,4.901236096589243
659.5,4.901866019274348
660.0,4.902495478265013
660.5,4.903124474250547
661.0,4.903753007918718
661.5,4.904381079955757
662.0,4.9050086910463575
662.5,4.905635841873688
663.0,4.906262533119394
663.5,4.906888765463596
664.0,4.907514539584905
664.5,4.908139856160418
665.0,4.908764715865727
665.5,4.909389119374922
666.0,4.910013067360597
666.5,4.910636560493852
667.0,4.911259599444299
667.5,4.911882184880065
668.0,4.9125043174678
668.5,4.913125997872677
669.0,4.913747226758398
669.5,4.9143680047872005
670.0,4.914988332619858
670.5,4.9156082109156864
671.0,4.916227640332549
671.5,4.916846621526859
672.0,4.917465155153586
672.5,4.918083241866257
673.0,4.918700882316964
673.5,4.919318077156365
674.0,4.919934827033694
674.5,4.920551132596755
675.0,4.921166994491937
675.5,4.921782413364212
676.0,4.9223973898571405
676.5,4.923011924612875
677.0,4.923626018272167
677.5,4.924239671474368
678.0,4.924852884857431
678.5,4.925465659057925
679.0,4.926077994711025
679.5,4.926689892450528
680.0,4.9273013529088505
680.5,4.9279123767170345
681.0,4.92852296450475
681.5,4.929133116900302
682.0,4.9297428345306304
682.5,4.930352118021319
683.0,4.930960967996594
683.5,4.9315693850793325
684.0,4.932177369891062
684.5,4.932784923051969
685.0,4.9333920451809
685.5,4.933998736895365
686.0,4.934604998811545
686.5,4.935210831544287
687.0,4.935816235707123
687.5,4.936421211912257
688.0,4.937025760770579
688.5,4.937629882891669
689.0,4.9382335788837946
689.5,4.938836849353919
690.0,4.939439694907705
690.5,4.9400421161495185
691.0,4.940644113682428
691.5,4.941245688108216
692.0,4.941846840027375
692.5,4.942447570039117
693.0,4.943047878741372
693.5,4.943647766730798
694.0,4.944247234602779
694.5,4.94484628295143
695.0,4.945444912369603
695.5,4.946043123448888
696.0,4.946640916779616
696.5,4.947238292950868
697.0,4.94783525255047
697.5,4.9484317961650035
698.0,4.949027924379807
698.5,4.949623637778979
699.0,4.9502189369453795
699.5,4.950813822460639
700.0,4.951408294905157
700.5,4.952002354858106
701.0,4.952596002897438
701.5,4.953189239599885
702.0,4.953782065540965
702.5,4.954374481294981
703.0,4.954966487435031
703.5,4.955558084533003
704.0,4.956149273159588
704.5,4.956740053884276
705.0,4.957330427275361
705.5,4.957920393899947
706.0,4.958509954323948
706.5,4.9590991091120955
707.0,4.959687858827935
707.5,4.960276204033836
708.0,4.960864145290994
708.5,4.96145168315943
709.0,4.962038818197996
709.5,4.962625550964382
710.0,4.963211882015112
710.5,4.963797811905554
711.0,4.964383341189917
711.5,4.964968470421261
712.0,4.965553200151494
712.5,4.9661375309313796
713.0,4.966721463310537
713.5,4.967304997837448
714.0,4.967888135059454
714.5,4.968470875522765
715.0,4.969053219772463
715.5,4.969635168352498
716.0,4.970216721805699
716.5,4.970797880673774
717.0,4.971378645497312
717.5,4.971959016815787
718.0,4.972538995167562
718.5,4.97311858108989
719.0,4.9736977751189215
719.5,4.974276577789701
720.0,4.9748549896361745
720.5,4.975433011191193
721.0,4.97601064298651
721.5,4.976587885552792
722.0,4.977164739419618
722.5,4.97774120511548
723.0,4.97831728316779
723.5,4.978892974102881
724.0,4.97946827844601
724.5,4.980043196721361
725.0,4.980617729452049
725.5,4.981191877160121
726.0,4.981765640366562
726.5,4.982339019591292
727.0,4.982912015353177
727.5,4.983484628170024
728.0,4.984056858558591
728.5,4.984628707034584
729.0,4.985200174112661
729.5,4.985771260306439
730.0,4.986341966128493
730.5,4.986912292090358
731.0,4.987482238702537
731.5,4.988051806474494
732.0,4.98862099591467
732.5,4.989189807530475
733.0,4.989758241828296
733.5,4.990326299313496
734.0,4.990893980490424
734.5,4.991461285862408
735.0,4.9920282159317635
735.5,4.992594771199798
736.0,4.993160952166808
736.5,4.993726759332088
737.0,4.994292193193926
737.5,4.994857254249614
738.0,4.995421942995444
738.5,4.995986259926714
739.0,4.996550205537732
739.5,4.997113780321814
740.0,4.997676984771292
740.5,4.998239819377513
741.0,4.998802284630843
741.5,4.999364381020667
742.0,4.999926109035399
742.5,5.000487469162474
743.0,5.00104846188836
743.5,5.001609087698555
744.0,5.002169347077593
744.5,5.002729240509041
745.0,5.003288768475509
745.5,5.003847931458648
746.0,5.004406729939154
746.5,5.004965164396769
747.0,5.005523235310284
747.5,5.006080943157545
748.0,5.006638288415449
748.5,5.007195271559952
749.0,5.007751893066069
749.5,5.008308153407878
750.0,5.008864053058519
750.5,5.009419592490204
751.0,5.00997477217421
751.5,5.010529592580885
752.0,5.011084054179655
752.5,5.011638157439022
753.0,5.012191902826565
753.5,5.012745290808947
754.0,5.013298321851914
754.5,5.013850996420297
755.0,5.0144033149780185
755.5,5.014955277988092
756.0,5.015506885912621
756.5,5.0160581392128085
757.0,5.016609038348955
757.5,5.017159583780462
758.0,5.017709775965833
758.5,5.018259615362676
759.0,5.01880910242771
759.5,5.0193582376167605
760.0,5.019907021384767
760.5,5.020455454185784
761.0,5.021003536472982
761.5,5.0215512686986505
762.0,5.022098651314202
762.5,5.022645684770171
763.0,5.023192369516219
763.5,5.023738706001137
764.0,5.024284694672844
764.5,5.024830335978393
765.0,5.025375630363973
765.5,5.025920578274909
766.0,5.0264651801556655
766.5,5.02700943644985
767.0,5.027553347600214
767.5,5.028096914048653
768.0,5.028640136236213
768.5,5.02918301460309
769.0,5.029725549588632
769.5,5.030267741631343
770.0,5.030809591168884
770.5,5.031351098638074
771.0,5.0318922644748945
771.5,5.032433089114492
772.0,5.032973572991175
772.5,5.033513716538422
773.0,5.034053520188883
773.5,5.0345929843743775
774.0,5.0351321095259
774.5,5.035670896073623
775.0,5.0362093444468945
775.5,5.036747455074245
776.0,5.0372852283833875
776.5,5.03782266480122
777.0,5.0383597647538245
777.5,5.038896528666475
778.0,5.039432956963636
778.5,5.039969050068963
779.0,5.04050480840531
779.5,5.041040232394724
780.0,5.041575322458453
780.5,5.042110079016947
781.0,5.042644502489857
781.5,5.043178593296042
782.0,5.043712351853565
782.5,5.0442457785797
783.0,5.044778873890934
783.5,5.0453116382029615
784.0,5.0458440719306985
784.5,5.046376175488274
785.0,5.046907949289038
785.5,5.04743939374556
786.0,5.047970509269635
786.5,5.04850129627228
787.0,5.049031755163742
787.5,5.0495618863534935
788.0,5.050091690250241
788.5,5.050621167261922
789.0,5.0511503177957096
789.5,5.051679142258011
790.0,5.052207641054475
790.5,5.05273581458999
791.0,5.053263663268686
791.5,5.053791187493936
792.0,5.0543183876683635
792.5,5.054845264193834
793.0,5.055371817471467
793.5,5.055898047901633
794.0,5.056423955883955
794.5,5.056949541817311
795.0,5.05747480609984
795.5,5.0579997491289355
796.0,5.058524371301254
796.5,5.059048673012715
797.0,5.059572654658503
797.5,5.060096316633066
798.0,5.060619659330126
798.5,5.061142683142669
799.0,5.061665388462956
799.5,5.0621877756825215
800.0,5.062709845192177
800.5,5.063231597382006
801.0,5.063753032641378
801.5,5.064274151358938
802.0,5.0647949539226165
802.5,5.065315440719626
803.0,5.0658356121364685
803.5,5.066355468558932
804.0,5.066875010372092
804.5,5.06739423796032
805.0,5.067913151707278
805.5,5.068431751995922
806.0,5.068950039208507
806.5,5.069468013726583
807.0,5.069985675931005
807.5,5.0705030262019255
808.0,5.071020064918802
808.5,5.071536792460398
809.0,5.072053209204781
809.5,5.072569315529332
810.0,5.073085111810737
810.5,5.073600598424998
811.0,5.074115775747429
811.5,5.074630644152658
812.0,5.075145204014633
812.5,5.075659455706617
813.0,5.076173399601197
813.5,5.07668703607028
814.0,5.077200365485096
814.5,5.0777133882162016
815.0,5.07822610463348
815.5,5.078738515106141
816.0,5.079250620002729
816.5,5.079762419691115
817.0,5.080273914538508
817.5,5.080785104911447
818.0,5.081295991175813
818.5,5.081806573696822
819.0,5.082316852839028
819.5,5.082826828966333
820.0,5.083336502441974
820.5,5.083845873628539
821.0,5.084354942887957
821.5,5.08486371058151
822.0,5.085372177069825
822.5,5.085880342712882
823.0,5.086388207870012
823.5,5.0868957728999025
824.0,5.087403038160593
824.5,5.087910004009483
825.0,5.08841667080333
825.5,5.08892303889825
826.0,5.089429108649723
826.5,5.08993488041259
827.0,5.090440354541061
827.5,5.090945531388704
828.0,5.091450411308465
828.5,5.091954994652651
829.0,5.092459281772944
829.5,5.092963273020398
830.0,5.093466968745441
830.5,5.093970369297872
831.0,5.094473475026873
831.5,5.094976286281
832.0,5.095478803408191
832.5,5.095981026755764
833.0,5.09648295667042
833.5,5.096984593498245
834.0,5.097485937584708
834.5,5.097986989274669
835.0,5.098487748912373
835.5,5.098988216841456
836.0,5.099488393404947
836.5,5.099988278945266
837.0,5.100487873804227
837.5,5.100987178323042
838.0,5.101486192842317
838.5,5.101984917702059
839.0,5.1024833532416745
839.5,5.102981499799971
840.0,5.103479357715159
840.5,5.103976927324853
841.0,5.104474208966073
841.5,5.104971202975245
842.0,5.105467909688207
842.5,5.105964329440204
843.0,5.106460462565892
843.5,5.106956309399339
844.0,5.10745187027403
844.5,5.1079471455228616
845.0,5.108442135478151
845.5,5.108936840471629
846.0,5.10943126083445
846.5,5.109925396897186
847.0,5.110419248989833
847.5,5.110912817441809
848.0,5.111406102581959
848.5,5.111899104738551
849.0,5.1123918242392845
849.5,5.112884261411283
850.0,5.113376416581105
850.5,5.113868290074738
851.0,5.114359882217601
851.5,5.114851193334549
852.0,5.115342223749873
852.5,5.115832973787299
853.0,5.116323443769993
853.5,5.1168136340205574
854.0,5.117303544861038
854.5,5.117793176612921
855.0,5.1182825295971375
855.5,5.118771604134062
856.0,5.119260400543513
856.5,5.11974891914476
857.0,5.120237160256517
857.5,5.120725124196952
858.0,5.1212128112836774
858.5,5.121700221833765
859.0,5.122187356163736
859.5,5.1226742145895665
860.0,5.1231607974266895
860.5,5.1236471049899945
861.0,5.12413313759383
861.5,5.124618895552003
862.0,5.125104379177783
862.5,5.125589588783901
863.0,5.126074524682552
863.5,5.126559187185394
864.0,5.127043576603552
864.5,5.127527693247619
865.0,5.128011537427653
865.5,5.128495109453187
866.0,5.128978409633218
866.5,5.129461438276222
867.0,5.129944195690141
867.5,5.130426682182397
868.0,5.130908898059885
868.5,5.131390843628978
869.0,5.131872519195524
869.5,5.132353925064855
870.0,5.132835061541778
870.5,5.133315928930585
871.0,5.133796527535051
871.5,5.13427685765843
872.0,5.134756919603468
872.5,5.135236713672392
873.0,5.135716240166919
873.5,5.136195499388252
874.0,5.136674491637086
874.5,5.137153217213606
875.0,5.137631676417489
875.5,5.138109869547905
876.0,5.138587796903518
876.5,5.139065458782488
877.0,5.13954285548247
877.5,5.1400199873006205
878.0,5.14049685453359
878.5,5.140973457477532
879.0,5.1414497964281
879.5,5.14192587168045
880.0,5.142401683529241
880.5,5.142877232268637
881.0,5.143352518192306
881.5,5.143827541593425
882.0,5.144302302764678
882.5,5.144776801998256
883.0,5.145251039585861
883.5,5.145725015818708
884.0,5.146198730987521
884.5,5.146672185382541
885.0,5.1471453792935185
885.5,5.1476183130097235
886.0,5.14809098681994
886.5,5.1485634010124715
887.0,5.149035555875139
887.5,5.149507451695283
888.0,5.149979088759766
888.5,5.150450467354971
889.0,5.1509215877668035
889.5,5.151392450280697
890.0,5.151863055181603
890.5,5.152333402754007
891.0,5.152803493281915
891.5,5.153273327048866
892.0,5.153742904337924
892.5,5.154212225431688
893.0,5.1546812906122845
893.5,5.155150100161373
894.0,5.15561865436015
894.5,5.15608695348934
895.0,5.1565549978292085
895.5,5.157022787659556
896.0,5.157490323259719
896.5,5.157957604908574
897.0,5.158424632884536
897.5,5.158891407465562
898.0,5.1593579289291505
898.5,5.159824197552341
899.0,5.160290213611717
899.5,5.160755977383408
900.0,5.161221489143088
900.5,5.161686749165979
901.0,5.162151757726847
901.5,5.1626165151000105
902.0,5.163081021559337
902.5,5.163545277378241
903.0,5.164009282829694
903.5,5.164473038186216
904.0,5.164936543719883
904.5,5.165399799702323
905.0,5.1658628064047205
905.5,5.166325564097819
906.0,5.166788073051914
906.5,5.167250333536865
907.0,5.167712345822087
907.5,5.168174110176558
908.0,5.168635626868816
908.5,5.169096896166959
909.0,5.169557918338652
909.5,5.170018693651122
910.0,5.170479222371163
910.5,5.170939504765131
911.0,5.171399541098952
911.5,5.171859331638122
912.0,5.172318876647701
912.5,5.17277817639232
913.0,5.173237231136184
913.5,5.173696041143067
914.0,5.174154606676315
914.5,5.174612927998848
915.0,5.175071005373163
915.5,5.175528839061328
916.0,5.17598642932499
916.5,5.176443776425373
917.0,5.176900880623277
917.5,5.177357742179085
918.0,5.177814361352756
918.5,5.178270738403833
919.0,5.178726873591436
919.5,5.1791827671742725
920.0,5.179638419410632
920.5,5.180093830558387
921.0,5.180549000874996
921.5,5.181003930617505
922.0,5.181458620042546
922.5,5.181913069406339
923.0,5.1823672789646915
923.5,5.182821248973004
924.0,5.183274979686264
924.5,5.183728471359052
925.0,5.1841817242455415
925.5,5.1846347385995
926.0,5.185087514674286
926.5,5.185540052722855
927.0,5.185992352997759
927.5,5.1864444157511445
928.0,5.1868962412347575
928.5,5.187347829699942
929.0,5.187799181397639
929.5,5.188250296578394
930.0,5.1887011754923495
930.5,5.189151818389252
931.0,5.189602225518449
931.5,5.190052397128894
932.0,5.1905023334691425
932.5,5.1909520347873555
933.0,5.191401501331301
933.5,5.191850733348353
934.0,5.192299731085494
934.5,5.192748494789314
935.0,5.193197024706015
935.5,5.193645321081404
936.0,5.1940933841609045
936.5,5.194541214189547
937.0,5.19498881141198
937.5,5.1954361760724606
938.0,5.195883308414863
938.5,5.196330208682674
939.0,5.1967768771189995
939.5,5.1972233139665605
940.0,5.197669519467695
940.5,5.19811549386436
941.0,5.198561237398131
941.5,5.199006750310204
942.0,5.199452032841396
942.5,5.199897085232145
943.0,5.200341907722511
943.5,5.200786500552179
944.0,5.201230863960455
944.5,5.201674998186271
945.0,5.202118903468186
945.5,5.202562580044383
946.0,5.2030060281526715
946.5,5.203449248030493
947.0,5.2038922399149135
947.5,5.204335004042629
948.0,5.2047775406499674
948.5,5.205219849972886
949.0,5.205661932246974
949.5,5.206103787707454
950.0,5.20654541658918
950.5,5.206986819126643
951.0,5.207427995553965
951.5,5.207868946104905
952.0,5.208309671012861
952.5,5.208750170510863
953.0,5.2091904448315836
953.5,5.209630494207331
954.0,5.210070318870052
954.5,5.210509919051337
955.0,5.210949294982415
955.5,5.211388446894154
956.0,5.2118273750170685
956.5,5.2122660795813145
957.0,5.212704560816691
957.5,5.213142818952643
958.0,5.213580854218258
958.5,5.214018666842272
959.0,5.214456257053067
959.5,5.214893625078672
960.0,5.215330771146765
960.5,5.215767695484671
961.0,5.216204398319366
961.5,5.216640879877477
962.0,5.21707714038528
962.5,5.217513180068704
963.0,5.2179489991533305
963.5,5.218384597864394
964.0,5.218819976426783
964.5,5.2192551350650405
965.0,5.219690074003363
965.5,5.220124793465607
966.0,5.220559293675282
966.5,5.220993574855557
967.0,5.221427637229257
967.5,5.22186148101887
968.0,5.222295106446538
968.5,5.222728513734066
969.0,5.223161703102922
969.5,5.2235946747742314
970.0,5.224027428968785
970.5,5.224459965907036
971.0,5.224892285809099
971.5,5.225324388894755
972.0,5.225756275383452
972.5,5.226187945494298
973.0,5.226619399446073
973.5,5.227050637457221
974.0,5.227481659745856
974.5,5.227912466529758
975.0,5.2283430580263754
975.5,5.228773434452831
976.0,5.229203596025914
976.5,5.229633542962086
977.0,5.2300632754774785
977.5,5.230492793787899
978.0,5.2309220981088265
978.5,5.231351188655412
979.0,5.231780065642484
979.5,5.232208729284543
980.0,5.232637179795766
980.5,5.2330654173900095
981.0,5.233493442280803
981.5,5.2339212546813565
982.0,5.234348854804556
982.5,5.234776242862968
983.0,5.235203419068838
983.5,5.235630383634093
984.0,5.236057136770339
984.5,5.236483678688864
985.0,5.23691000960064
985.5,5.23733612971632
986.0,5.237762039246242
986.5,5.238187738400425
987.0,5.238613227388578
987.5,5.23903850642009
988.0,5.239463575704038
988.5,5.2398884354491875
989.0,5.240313085863989
989.5,5.240737527156583
990.0,5.241161759534794
990.5,5.241585783206141
991.0,5.24200959837783
991.5,5.242433205256758
992.0,5.242856604049514
992.5,5.243279794962376
993.0,5.243702778201316
993.5,5.244125553971999
994.0,5.244548122479783
994.5,5.244970483929719
995.0,5.245392638526555
995.5,5.245814586474733
996.0,5.246236327978391
996.5,5.246657863241364
997.0,5.247079192467181
997.5,5.247500315859074
998.0,5.2479212336199685
998.5,5.248341945952492
999.0,5.248762453058971
999.5,5.24918275514143
1000.0,5.249602852401596
