X,Log base 2
1.0,0.0
1.5,0.5849625007211562
2.0,1.0
2.5,1.3219280948873624
3.0,1.584962500721156
3.5,1.8073549220576042
4.0,2.0
4.5,2.169925001442312
5.0,2.321928094887362
5.5,2.4594316186372973
6.0,2.584962500721156
6.5,2.700439718141092
7.0,2.807354922057604
7.5,2.9068905956085187
8.0,3.0
8.5,3.0874628412503395
9.0,3.169925001442312
9.5,3.2479275134435857
10.0,3.321928094887362
10.5,3.3923174227787602
11.0,3.4594316186372973
11.5,3.523561956057013
12.0,3.584962500721156
12.5,3.643856189774725
13.0,3.700439718141092
13.5,3.7548875021634687
14.0,3.807354922057604
14.5,3.8579809951275723
15.0,3.9068905956085187
15.5,3.9541963103868754
16.0,4.0
16.5,4.044394119358453
17.0,4.087462841250339
17.5,4.129283016944966
18.0,4.169925001442312
18.5,4.20945336562895
19.0,4.247927513443585
19.5,4.285402218862249
20.0,4.321928094887363
20.5,4.357552004618084
21.0,4.392317422778761
21.5,4.426264754702098
22.0,4.459431618637297
22.5,4.491853096329675
23.0,4.523561956057013
23.5,4.554588851677638
24.0,4.584962500721156
24.5,4.614709844115208
25.0,4.643856189774724
25.5,4.672425341971495
26.0,4.700439718141092
26.5,4.727920454563199
27.0,4.754887502163468
27.5,4.78135971352466
28.0,4.807354922057604
28.5,4.832890014164741
29.0,4.857980995127572
29.5,4.882643049361842
30.0,4.906890595608519
30.5,4.930737337562887
31.0,4.954196310386875
31.5,4.977279923499917
32.0,5.0
32.5,5.022367813028454
33.0,5.044394119358453
33.5,5.066089190457772
34.0,5.087462841250339
34.5,5.108524456778169
35.0,5.129283016944966
35.5,5.149747119504682
36.0,5.169925001442312
36.5,5.189824558880018
37.0,5.20945336562895
37.5,5.22881869049588
38.0,5.247927513443585
38.5,5.266786540694901
39.0,5.285402218862249
39.5,5.303780748177103
40.0,5.321928094887363
40.5,5.339850002884624
41.0,5.357552004618084
41.5,5.3750394313469245
42.0,5.392317422778761
42.5,5.409390936137702
43.0,5.426264754702098
43.5,5.442943495848728
44.0,5.459431618637297
44.5,5.475733430966398
45.0,5.491853096329675
45.5,5.507794640198696
46.0,5.523561956057013
46.5,5.539158811108031
47.0,5.554588851677638
47.5,5.569855608330948
48.0,5.584962500721156
48.5,5.599912842187128
49.0,5.614709844115208
49.5,5.6293566200796095
50.0,5.643856189774724
50.5,5.658211482751795
51.0,5.672425341971495
51.5,5.6865005271832185
52.0,5.700439718141092
52.5,5.714245517666122
53.0,5.727920454563199
53.5,5.741466986401147
54.0,5.754887502163468
54.5,5.768184324776926
55.0,5.78135971352466
55.5,5.794415866350106
56.0,5.807354922057604
56.5,5.820178962415188
57.0,5.832890014164741
57.5,5.845490050944375
58.0,5.857980995127572
58.5,5.870364719583405
59.0,5.882643049361842
59.5,5.894817763307944
60.0,5.906890595608519
60.5,5.918863237274595
61.0,5.930737337562887
61.5,5.94251450533924
62.0,5.954196310386875
62.5,5.965784284662087
63.0,5.977279923499917
63.5,5.9886846867721655
64.0,6.0
64.5,6.011227255423254
65.0,6.022367813028454
65.5,6.03342300153745
66.0,6.044394119358453
66.5,6.05528243550119
67.0,6.066089190457772
67.5,6.076815597050831
68.0,6.087462841250339
68.5,6.098032082960526
69.0,6.108524456778169
69.5,6.118941072723508
70.0,6.129283016944966
70.5,6.139551352398794
71.0,6.149747119504682
71.5,6.159871336778389
72.0,6.169925001442312
72.5,6.1799090900149345
73.0,6.189824558880018
73.5,6.199672344836364
74.0,6.20945336562895
74.5,6.219168520462161
75.0,6.22881869049588
75.5,6.2384047393250786
76.0,6.247927513443585
76.5,6.257387842692652
77.0,6.266786540694901
77.5,6.2761244052742375
78.0,6.285402218862249
78.5,6.294620748891627
79.0,6.303780748177103
79.5,6.312882955284356
80.0,6.321928094887363
80.5,6.330916878114617
81.0,6.339850002884624
81.5,6.348728154231077
82.0,6.357552004618084
82.5,6.366322214245816
83.0,6.3750394313469245
83.5,6.383704292474052
84.0,6.392317422778761
84.5,6.400879436282184
85.0,6.409390936137702
85.5,6.417852514885898
86.0,6.426264754702098
86.5,6.434628227636725
87.0,6.442943495848728
87.5,6.451211111832329
88.0,6.459431618637297
88.5,6.467605550082998
89.0,6.475733430966398
89.5,6.483815777264256
90.0,6.491853096329675
90.5,6.499845887083206
91.0,6.507794640198696
91.5,6.515699838284043
92.0,6.523561956057013
92.5,6.531381460516312
93.0,6.539158811108031
93.5,6.546894459887636
94.0,6.554588851677638
94.5,6.562242424221073
95.0,6.569855608330948
95.5,6.577428828035749
96.0,6.584962500721156
96.5,6.592457037268081
97.0,6.599912842187128
97.5,6.60733031374961
98.0,6.614709844115208
98.5,6.622051819456376
99.0,6.6293566200796095
99.5,6.636624620543649
100.0,6.643856189774724
100.5,6.651051691178929
101.0,6.658211482751795
101.5,6.6653359171851765
102.0,6.672425341971495
102.5,6.679480099505446
103.0,6.6865005271832185
103.5,6.693486957499325
104.0,6.700439718141092
104.5,6.7073591320808825
105.0,6.714245517666122
105.5,6.721099188707185
106.0,6.727920454563199
106.5,6.734709620225838
107.0,6.741466986401147
107.5,6.7481928495894605
108.0,6.754887502163468
108.5,6.7615512324444795
109.0,6.768184324776926
109.5,6.774787059601174
110.0,6.78135971352466
110.5,6.787902559391432
111.0,6.794415866350106
111.5,6.800899899920305
112.0,6.807354922057604
112.5,6.813781191217037
113.0,6.820178962415188
113.5,6.826548487290915
114.0,6.832890014164741
114.5,6.839203788096944
115.0,6.845490050944375
115.5,6.851749041416057
116.0,6.857980995127572
116.5,6.864186144654281
117.0,6.870364719583405
117.5,6.876516946564999
118.0,6.882643049361842
118.5,6.888743248898259
119.0,6.894817763307944
119.5,6.900866807980749
120.0,6.906890595608519
120.5,6.912889336229962
121.0,6.918863237274595
121.5,6.924812503605781
122.0,6.930737337562887
122.5,6.936637939002571
123.0,6.94251450533924
123.5,6.948367231584678
124.0,6.954196310386875
124.5,6.960001932068081
125.0,6.965784284662087
125.5,6.971543553950772
126.0,6.977279923499917
126.5,6.98299357469431
127.0,6.9886846867721655
127.5,6.994353436858858
128.0,7.0
128.5,7.005624549193878
129.0,7.011227255423254
129.5,7.016808287686554
130.0,7.022367813028454
130.5,7.027905996569885
131.0,7.03342300153745
131.5,7.038918989292302
132.0,7.044394119358453
132.5,7.049848549450561
133.0,7.05528243550119
133.5,7.060695931687554
134.0,7.066089190457772
134.5,7.071462362556624
135.0,7.076815597050831
135.5,7.082149041353872
136.0,7.087462841250339
136.5,7.092757140919852
137.0,7.098032082960526
137.5,7.103287808412022
138.0,7.108524456778169
138.5,7.113742166049188
139.0,7.118941072723508
139.5,7.124121311829188
140.0,7.129283016944966
140.5,7.134426320220926
141.0,7.139551352398794
141.5,7.144658242831882
142.0,7.149747119504682
142.5,7.154818109052104
143.0,7.159871336778389
143.5,7.1649069266756875
144.0,7.169925001442312
144.5,7.174925682500679
145.0,7.1799090900149345
145.5,7.184875342908284
146.0,7.189824558880018
146.5,7.1947568544222475
147.0,7.199672344836364
147.5,7.204571144249203
148.0,7.20945336562895
148.5,7.2143191208007655
149.0,7.219168520462161
149.5,7.224001674198105
150.0,7.22881869049588
150.5,7.233619676759702
151.0,7.2384047393250786
151.5,7.243173983472951
152.0,7.247927513443585
152.5,7.252665432450248
153.0,7.257387842692652
153.5,7.2620948453701795
154.0,7.266786540694901
154.5,7.271463027904375
155.0,7.2761244052742375
155.5,7.280770770130602
156.0,7.285402218862249
156.5,7.290018846932618
157.0,7.294620748891627
157.5,7.2992080183872785
158.0,7.303780748177103
158.5,7.3083390301394076
159.0,7.312882955284356
159.5,7.317412613764869
160.0,7.321928094887363
160.5,7.3264294871223035
161.0,7.330916878114617
161.5,7.335390354693925
162.0,7.339850002884624
162.5,7.344295907915817
163.0,7.348728154231077
163.5,7.353146825498083
164.0,7.357552004618084
164.5,7.361943773735241
165.0,7.366322214245816
165.5,7.3706874068072175
166.0,7.3750394313469245
166.5,7.379378367071262
167.0,7.383704292474052
167.5,7.388017285345135
168.0,7.392317422778761
168.5,7.396604781181859
169.0,7.400879436282184
169.5,7.405141463136344
170.0,7.409390936137702
170.5,7.413627929024172
171.0,7.417852514885898
171.5,7.422064766172812
172.0,7.426264754702098
172.5,7.430452551665532
173.0,7.434628227636725
173.5,7.438791852578261
174.0,7.442943495848728
174.5,7.447083226209652
175.0,7.451211111832329
175.5,7.455327220304561
176.0,7.459431618637297
176.5,7.463524373271181
177.0,7.467605550082998
177.5,7.471675214392045
178.0,7.475733430966398
178.5,7.4797802640291
179.0,7.483815777264256
179.5,7.487840033823051
180.0,7.491853096329675
180.5,7.495855026887171
181.0,7.499845887083206
181.5,7.503825737995751
182.0,7.507794640198696
182.5,7.511752653767379
183.0,7.515699838284043
183.5,7.519636252843212
184.0,7.523561956057013
184.5,7.527477006060396
185.0,7.531381460516312
185.5,7.535275376620803
186.0,7.539158811108031
186.5,7.543031820255238
187.0,7.546894459887636
187.5,7.550746785383243
188.0,7.554588851677638
188.5,7.5584207132686645
189.0,7.562242424221073
189.5,7.5660540381710915
190.0,7.569855608330948
190.5,7.573647187493322
191.0,7.577428828035749
191.5,7.581200581924957
192.0,7.584962500721156
192.5,7.588714635582264
193.0,7.592457037268081
193.5,7.59618975614441
194.0,7.599912842187128
194.5,7.603626344986192
195.0,7.60733031374961
195.5,7.611024797307352
196.0,7.614709844115208
196.5,7.618385502258606
197.0,7.622051819456376
197.5,7.625708843064465
198.0,7.6293566200796095
198.5,7.632995197142958
199.0,7.636624620543649
199.5,7.640244936222346
200.0,7.643856189774724
200.5,7.647458426454921
201.0,7.651051691178929
201.5,7.6546360285279675
202.0,7.658211482751795
202.5,7.661778097771987
203.0,7.6653359171851765
203.5,7.668884984266247
204.0,7.672425341971495
204.5,7.675957032941749
205.0,7.679480099505446
205.5,7.682994583681683
206.0,7.6865005271832185
206.5,7.689997971419445
207.0,7.693486957499325
207.5,7.696967526234287
208.0,7.700439718141092
208.5,7.703903573444664
209.0,7.7073591320808825
209.5,7.710806433699352
210.0,7.714245517666122
210.5,7.717676423066396
211.0,7.721099188707185
211.5,7.72451385311995
212.0,7.727920454563199
212.5,7.731319031025064
213.0,7.734709620225838
213.5,7.73809225962049
214.0,7.741466986401147
214.5,7.744833837499546
215.0,7.7481928495894605
215.5,7.751544059089098
216.0,7.754887502163468
216.5,7.7582232147267245
217.0,7.7615512324444795
217.5,7.764871590736091
218.0,7.768184324776926
218.5,7.771489469500598
219.0,7.774787059601174
219.5,7.778077129535358
220.0,7.78135971352466
220.5,7.7846348455575205
221.0,7.787902559391432
221.5,7.791162888555018
222.0,7.794415866350106
222.5,7.79766152585376
223.0,7.800899899920305
223.5,7.804131021183318
224.0,7.807354922057604
224.5,7.810571634741147
225.0,7.813781191217037
225.5,7.816983623255381
226.0,7.820178962415188
226.5,7.8233672400462355
227.0,7.826548487290915
227.5,7.829722735086059
228.0,7.832890014164741
228.5,7.836050355058069
229.0,7.839203788096944
229.5,7.842350343413808
230.0,7.845490050944375
230.5,7.848622940429338
231.0,7.851749041416057
231.5,7.854868383260237
232.0,7.857980995127572
232.5,7.861086905995394
233.0,7.864186144654281
233.5,7.867278739709662
234.0,7.870364719583405
234.5,7.873444112515377
235.0,7.876516946564999
235.5,7.879583249612783
236.0,7.882643049361842
236.5,7.885696373339395
237.0,7.888743248898259
237.5,7.8917837032183105
238.0,7.894817763307944
238.5,7.897845456005512
239.0,7.900866807980749
239.5,7.90388184573618
240.0,7.906890595608519
240.5,7.909893083770042
241.0,7.912889336229962
241.5,7.915879378835773
242.0,7.918863237274595
242.5,7.92184093707449
243.0,7.924812503605781
243.5,7.9277779620823425
244.0,7.930737337562887
244.5,7.933690654952234
245.0,7.936637939002571
245.5,7.939579214314693
246.0,7.94251450533924
246.5,7.945443836377912
247.0,7.948367231584678
247.5,7.951284714966972
248.0,7.954196310386875
248.5,7.957102041562286
249.0,7.960001932068081
249.5,7.96289600533726
250.0,7.965784284662087
250.5,7.968666793195208
251.0,7.971543553950772
251.5,7.974414589805527
252.0,7.977279923499917
252.5,7.980139577639157
253.0,7.98299357469431
253.5,7.98584193700334
254.0,7.9886846867721655
254.5,7.991521846075695
255.0,7.994353436858858
255.5,7.997179480937621
256.0,8.0
256.5,8.002815015607053
257.0,8.005624549193879
257.5,8.00842862207058
258.0,8.011227255423254
258.5,8.014020470314934
259.0,8.016808287686555
259.5,8.019590728357882
260.0,8.022367813028454
260.5,8.025139562278508
261.0,8.027905996569885
261.5,8.030667136246942
262.0,8.03342300153745
262.5,8.036173612553485
263.0,8.038918989292302
263.5,8.041659151637214
264.0,8.044394119358454
264.5,8.047123912114026
265.0,8.049848549450562
265.5,8.052568050804153
266.0,8.055282435501189
266.5,8.057991722759176
267.0,8.060695931687555
267.5,8.06339508128851
268.0,8.066089190457772
268.5,8.068778277985412
269.0,8.071462362556623
269.5,8.074141462752506
270.0,8.076815597050832
270.5,8.079484783826816
271.0,8.08214904135387
271.5,8.084808387804362
272.0,8.087462841250339
272.5,8.090112419664289
273.0,8.092757140919852
273.5,8.095397022792557
274.0,8.098032082960527
274.5,8.100662339005199
275.0,8.103287808412022
275.5,8.105908508571158
276.0,8.108524456778168
276.5,8.111135670234708
277.0,8.113742166049189
277.5,8.116343961237469
278.0,8.118941072723507
278.5,8.121533517340032
279.0,8.124121311829187
279.5,8.12670447284319
280.0,8.129283016944967
280.5,8.131856960608793
281.0,8.134426320220927
281.5,8.13699111208023
282.0,8.139551352398794
282.5,8.14210705730255
283.0,8.144658242831882
283.5,8.147204924942228
284.0,8.149747119504681
284.5,8.152284842306582
285.0,8.154818109052105
285.5,8.157346935362844
286.0,8.159871336778389
286.5,8.162391328756906
287.0,8.164906926675688
287.5,8.167418145831737
288.0,8.169925001442312
288.5,8.172427508645482
289.0,8.174925682500678
289.5,8.177419537989236
290.0,8.179909090014934
290.5,8.18239435340453
291.0,8.184875342908283
291.5,8.187352073200497
292.0,8.189824558880018
292.5,8.192292814470767
293.0,8.194756854422248
293.5,8.197216693110052
294.0,8.199672344836364
294.5,8.20212382383046
295.0,8.204571144249204
295.5,8.207014320177532
296.0,8.20945336562895
296.5,8.211888294546004
297.0,8.214319120800766
297.5,8.216745858195306
298.0,8.219168520462162
298.5,8.221587121264806
299.0,8.224001674198105
299.5,8.226412192788786
300.0,8.228818690495881
300.5,8.231221180711186
301.0,8.233619676759702
301.5,8.236014191900084
302.0,8.238404739325079
302.5,8.240791332161956
303.0,8.243173983472952
303.5,8.245552706255681
304.0,8.247927513443585
304.5,8.250298417906333
305.0,8.252665432450248
305.5,8.25502856981873
306.0,8.257387842692651
306.5,8.259743263690781
307.0,8.262094845370179
307.5,8.264442600226602
308.0,8.266786540694902
308.5,8.269126679149418
309.0,8.271463027904375
309.5,8.273795599214264
310.0,8.276124405274238
310.5,8.278449458220482
311.0,8.280770770130603
311.5,8.283088353024002
312.0,8.285402218862249
312.5,8.287712379549449
313.0,8.290018846932618
313.5,8.29232163280204
314.0,8.294620748891626
314.5,8.296916206879288
315.0,8.29920801838728
315.5,8.30149619498255
316.0,8.303780748177102
316.5,8.306061689428342
317.0,8.308339030139408
317.5,8.310612781659529
318.0,8.312882955284355
318.5,8.3151495622563
319.0,8.31741261376487
319.5,8.319672120946995
320.0,8.321928094887362
320.5,8.324180546618742
321.0,8.326429487122303
321.5,8.328674927327947
322.0,8.330916878114618
322.5,8.333155350310616
323.0,8.335390354693924
323.5,8.337621901992508
324.0,8.339850002884624
324.5,8.342074667999139
325.0,8.344295907915816
325.5,8.346513733165635
326.0,8.348728154231077
326.5,8.350939181546432
327.0,8.353146825498083
327.5,8.355351096424812
328.0,8.357552004618084
328.5,8.35974956032233
329.0,8.361943773735241
329.5,8.364134655008051
330.0,8.366322214245816
330.5,8.368506461507693
331.0,8.370687406807217
331.5,8.372865060112588
332.0,8.375039431346925
332.5,8.377210530388552
333.0,8.379378367071261
333.5,8.381542951184585
334.0,8.383704292474052
334.5,8.38586240064146
335.0,8.388017285345136
335.5,8.390168956200183
336.0,8.39231742277876
336.5,8.394462694610317
337.0,8.396604781181859
337.5,8.398743691938193
338.0,8.400879436282183
338.5,8.403012023574997
339.0,8.405141463136344
339.5,8.407267764244732
340.0,8.409390936137703
340.5,8.411510988012072
341.0,8.413627929024173
341.5,8.41574176829009
342.0,8.417852514885897
342.5,8.419960177847889
343.0,8.422064766172813
343.5,8.4241662888181
344.0,8.426264754702098
344.5,8.428360172704291
345.0,8.430452551665532
345.5,8.432541900388259
346.0,8.434628227636725
346.5,8.436711542137214
347.0,8.43879185257826
347.5,8.44086916761087
348.0,8.442943495848729
348.5,8.445014845868423
349.0,8.447083226209653
349.5,8.449148645375436
350.0,8.451211111832329
350.5,8.453270634010623
351.0,8.45532722030456
351.5,8.457380879072534
352.0,8.459431618637296
352.5,8.461479447286155
353.0,8.46352437327118
353.5,8.4655664048094
354.0,8.467605550082997
354.5,8.469641817239516
355.0,8.471675214392045
355.5,8.473705749619416
356.0,8.475733430966399
356.5,8.477758266443889
357.0,8.479780264029099
357.5,8.481799431665753
358.0,8.483815777264256
358.5,8.485829308701904
359.0,8.487840033823051
359.5,8.489847960439297
360.0,8.491853096329674
360.5,8.493855449240822
361.0,8.49585502688717
361.5,8.497851836951117
362.0,8.499845887083206
362.5,8.501837184902296
363.0,8.50382573799575
363.5,8.505811553919594
364.0,8.507794640198696
364.5,8.509775004326936
365.0,8.51175265376738
365.5,8.513727595952437
366.0,8.515699838284043
366.5,8.517669388133811
367.0,8.519636252843213
367.5,8.521600439723727
368.0,8.523561956057012
368.5,8.52552080909507
369.0,8.527477006060396
369.5,8.52943055414615
370.0,8.531381460516313
370.5,8.533329732305834
371.0,8.535275376620802
371.5,8.537218400538595
372.0,8.539158811108031
372.5,8.541096615349524
373.0,8.543031820255237
373.5,8.544964432789238
374.0,8.546894459887637
374.5,8.54882190845875
375.0,8.550746785383243
375.5,8.552669097514272
376.0,8.554588851677638
376.5,8.556506054671928
377.0,8.558420713268664
377.5,8.560332834212442
378.0,8.562242424221072
378.5,8.564149489985732
379.0,8.566054038171092
379.5,8.567956075415466
380.0,8.569855608330949
380.5,8.571752643503546
381.0,8.573647187493322
381.5,8.57553924683453
382.0,8.57742882803575
382.5,8.579315937580015
383.0,8.581200581924957
383.5,8.583082767502933
384.0,8.584962500721156
384.5,8.586839787961827
385.0,8.588714635582264
385.5,8.590587049915035
386.0,8.59245703726808
386.5,8.594324603924848
387.0,8.59618975614441
387.5,8.5980525001616
388.0,8.599912842187127
388.5,8.60177078840771
389.0,8.603626344986193
389.5,8.605479518061669
390.0,8.60733031374961
390.5,8.60917873814198
391.0,8.611024797307353
391.5,8.612868497291041
392.0,8.614709844115207
392.5,8.61654884377899
393.0,8.618385502258606
393.5,8.620219825507487
394.0,8.622051819456376
394.5,8.623881490013458
395.0,8.625708843064466
395.5,8.627533884472792
396.0,8.62935662007961
396.5,8.63117705570398
397.0,8.632995197142957
397.5,8.634811050171718
398.0,8.63662462054365
398.5,8.638435913990472
399.0,8.640244936222345
399.5,8.642051692927977
400.0,8.643856189774725
400.5,8.64565843240871
401.0,8.64745842645492
401.5,8.649256177517314
402.0,8.651051691178928
402.5,8.65284497300198
403.0,8.654636028527968
403.5,8.656424863277781
404.0,8.658211482751796
404.5,8.659995892429977
405.0,8.661778097771988
405.5,8.663558104217273
406.0,8.665335917185176
406.5,8.667111542075027
407.0,8.668884984266247
407.5,8.67065624911844
408.0,8.672425341971495
408.5,8.674192268145683
409.0,8.67595703294175
409.5,8.677719641641009
410.0,8.679480099505446
410.5,8.681238411777805
411.0,8.682994583681683
411.5,8.684748620421626
412.0,8.686500527183219
412.5,8.688250309133178
413.0,8.689997971419446
413.5,8.691743519171276
414.0,8.693486957499326
414.5,8.69522829149575
415.0,8.696967526234287
415.5,8.698704666770345
416.0,8.700439718141093
416.5,8.702172685365548
417.0,8.703903573444663
417.5,8.705632387361415
418.0,8.707359132080883
418.5,8.709083812550343
419.0,8.710806433699352
419.5,8.712527000439824
420.0,8.714245517666123
420.5,8.715961990255144
421.0,8.717676423066395
421.5,8.719388820942083
422.0,8.721099188707186
422.5,8.722807531169547
423.0,8.72451385311995
423.5,8.726218159332198
424.0,8.727920454563199
424.5,8.729620743553038
425.0,8.731319031025064
425.5,8.733015321685963
426.0,8.734709620225837
426.5,8.73640193131829
427.0,8.73809225962049
427.5,8.73978060977326
428.0,8.741466986401146
428.5,8.7431513941125
429.0,8.744833837499545
429.5,8.746514321138463
430.0,8.74819284958946
430.5,8.749869427396844
431.0,8.751544059089099
431.5,8.753216749178955
432.0,8.754887502163468
432.5,8.756556322524087
433.0,8.758223214726724
433.5,8.759888183221834
434.0,8.761551232444479
434.5,8.7632123668144
435.0,8.76487159073609
435.5,8.766528908598865
436.0,8.768184324776927
436.5,8.76983784362944
437.0,8.7714894695006
437.5,8.77313920671969
438.0,8.774787059601174
438.5,8.776433032444734
439.0,8.778077129535358
439.5,8.779719355143405
440.0,8.78135971352466
440.5,8.782998208920414
441.0,8.784634845557521
441.5,8.786269627648466
442.0,8.787902559391432
442.5,8.78953364497036
443.0,8.791162888555018
443.5,8.792790294301064
444.0,8.794415866350105
444.5,8.79603960882977
445.0,8.79766152585376
445.5,8.799281621521923
446.0,8.800899899920305
446.5,8.802516365121223
447.0,8.804131021183318
447.5,8.805743872151618
448.0,8.807354922057604
448.5,8.80896417491926
449.0,8.810571634741146
449.5,8.812177305514448
450.0,8.813781191217037
450.5,8.815383295813538
451.0,8.81698362325538
451.5,8.818582177480858
452.0,8.820178962415188
452.5,8.821773981970567
453.0,8.823367240046235
453.5,8.824958740528523
454.0,8.826548487290914
454.5,8.828136484194108
455.0,8.829722735086058
455.5,8.831307243802051
456.0,8.832890014164741
456.5,8.834471049984222
457.0,8.83605035505807
457.5,8.837627933171404
458.0,8.839203788096944
458.5,8.840777923595054
459.0,8.842350343413807
459.5,8.843921051289035
460.0,8.845490050944376
460.5,8.847057346091336
461.0,8.848622940429339
461.5,8.850186837645774
462.0,8.851749041416058
462.5,8.853309555403674
463.0,8.854868383260236
463.5,8.85642552862553
464.0,8.857980995127573
464.5,8.859534786382653
465.0,8.861086905995395
465.5,8.862637357558794
466.0,8.86418614465428
466.5,8.86573327085176
467.0,8.867278739709661
467.5,8.868822554774999
468.0,8.870364719583405
468.5,8.871905237659186
469.0,8.873444112515376
469.5,8.874981347653774
470.0,8.876516946565
470.5,8.878050912728536
471.0,8.879583249612784
471.5,8.881113960675096
472.0,8.88264304936184
472.5,8.884170519108435
473.0,8.885696373339394
473.5,8.887220615468385
474.0,8.888743248898258
474.5,8.89026427702111
475.0,8.89178370321831
475.5,8.893301530860564
476.0,8.894817763307943
476.5,8.896332403909941
477.0,8.897845456005511
477.5,8.899356922923111
478.0,8.900866807980748
478.5,8.902375114486025
479.0,8.90388184573618
479.5,8.905387005018131
480.0,8.906890595608518
480.5,8.90839262077375
481.0,8.909893083770042
481.5,8.911391987843459
482.0,8.912889336229961
482.5,8.914385132155443
483.0,8.915879378835774
483.5,8.917372079476841
484.0,8.918863237274595
484.5,8.92035285541508
485.0,8.92184093707449
485.5,8.923327485419192
486.0,8.92481250360578
486.5,8.926295994781112
487.0,8.927777962082342
487.5,8.929258408636972
488.0,8.930737337562887
488.5,8.932214751968385
489.0,8.933690654952233
489.5,8.935165049603695
490.0,8.936637939002571
490.5,8.938109326219239
491.0,8.939579214314692
491.5,8.94104760634058
492.0,8.94251450533924
492.5,8.943979914343739
493.0,8.945443836377912
493.5,8.946906274456397
494.0,8.948367231584678
494.5,8.94982671075911
495.0,8.951284714966972
495.5,8.952741247186488
496.0,8.954196310386875
496.5,8.955649907528374
497.0,8.957102041562287
497.5,8.958552715431011
498.0,8.960001932068081
498.5,8.961449694398196
499.0,8.96289600533726
499.5,8.964340867792417
500.0,8.965784284662087
500.5,8.967226258835993
501.0,8.968666793195208
501.5,8.970105890612182
502.0,8.971543553950772
502.5,8.972979786066292
503.0,8.974414589805527
503.5,8.975847968006784
504.0,8.977279923499916
504.5,8.978710459106358
505.0,8.980139577639157
505.5,8.981567281903015
506.0,8.98299357469431
506.5,8.984418458801137
507.0,8.985841937003341
507.5,8.987264012072538
508.0,8.988684686772165
508.5,8.9901039638575
509.0,8.991521846075695
509.5,8.992938336165814
510.0,8.994353436858859
510.5,8.995767150877802
511.0,8.997179480937621
511.5,8.99859042974533
512.0,9.0
512.5,9.001408194392809
513.0,9.002815015607053
513.5,9.004220466318195
514.0,9.005624549193879
514.5,9.007027266893969
515.0,9.00842862207058
515.5,9.00982861736811
516.0,9.011227255423254
516.5,9.01262453886506
517.0,9.014020470314934
517.5,9.015415052386688
518.0,9.016808287686555
518.5,9.018200178813226
519.0,9.019590728357882
519.5,9.020979938904212
520.0,9.022367813028454
520.5,9.023754353299417
521.0,9.025139562278508
521.5,9.026523442519766
522.0,9.027905996569885
522.5,9.029287226968245
523.0,9.030667136246942
523.5,9.032045726930809
524.0,9.03342300153745
524.5,9.034798962577268
525.0,9.036173612553485
525.5,9.037546953962178
526.0,9.038918989292302
526.5,9.040289721025717
527.0,9.041659151637214
527.5,9.043027283594547
528.0,9.044394119358454
528.5,9.045759661382682
529.0,9.047123912114026
529.5,9.048486873992337
530.0,9.049848549450562
530.5,9.051208940914766
531.0,9.052568050804153
531.5,9.053925881531105
532.0,9.055282435501189
532.5,9.056637715113201
533.0,9.057991722759176
533.5,9.059344460824425
534.0,9.060695931687555
534.5,9.06204613772049
535.0,9.06339508128851
535.5,9.064742764750257
536.0,9.066089190457772
536.5,9.067434360756522
537.0,9.068778277985412
537.5,9.070120944476823
538.0,9.071462362556623
538.5,9.072802534544207
539.0,9.074141462752506
539.5,9.075479149488016
540.0,9.076815597050832
540.5,9.07815080773465
541.0,9.079484783826816
541.5,9.080817527608327
542.0,9.08214904135387
542.5,9.083479327331842
543.0,9.084808387804362
543.5,9.086136225027309
544.0,9.087462841250339
544.5,9.088788238716907
545.0,9.090112419664289
545.5,9.091435386323607
546.0,9.092757140919852
546.5,9.094077685671905
547.0,9.095397022792557
547.5,9.096715154488535
548.0,9.098032082960527
548.5,9.099347810403193
549.0,9.100662339005199
549.5,9.101975670949232
550.0,9.103287808412022
550.5,9.10459875356437
551.0,9.105908508571158
551.5,9.107217075591382
552.0,9.108524456778168
552.5,9.109830654278793
553.0,9.111135670234708
553.5,9.112439506781552
554.0,9.113742166049189
554.5,9.11504365016171
555.0,9.116343961237469
555.5,9.117643101389092
556.0,9.118941072723507
556.5,9.12023787734196
557.0,9.121533517340032
557.5,9.122827994807666
558.0,9.124121311829187
558.5,9.125413470483315
559.0,9.12670447284319
559.5,9.127994320976393
560.0,9.129283016944967
560.5,9.130570562805426
561.0,9.131856960608793
561.5,9.133142212400601
562.0,9.134426320220927
562.5,9.1357092861044
563.0,9.13699111208023
563.5,9.138271800172221
564.0,9.139551352398794
564.5,9.140829770773001
565.0,9.14210705730255
565.5,9.14338321398982
566.0,9.144658242831882
566.5,9.145932145820515
567.0,9.147204924942228
567.5,9.148476582178278
568.0,9.149747119504681
568.5,9.151016538892248
569.0,9.152284842306582
569.5,9.153552031708111
570.0,9.154818109052105
570.5,9.156083076288681
571.0,9.157346935362844
571.5,9.158609688214478
572.0,9.159871336778389
572.5,9.161131882984307
573.0,9.162391328756906
573.5,9.163649676015824
574.0,9.164906926675688
574.5,9.166163082646113
575.0,9.167418145831737
575.5,9.16867211813223
576.0,9.169925001442312
576.5,9.171176797651771
577.0,9.172427508645482
577.5,9.17367713630342
578.0,9.174925682500678
578.5,9.17617314910749
579.0,9.177419537989236
579.5,9.178664851006472
580.0,9.179909090014934
580.5,9.181152256865566
581.0,9.18239435340453
581.5,9.183635381473218
582.0,9.184875342908283
582.5,9.186114239541643
583.0,9.187352073200497
583.5,9.188588845707349
584.0,9.189824558880018
584.5,9.191059214531656
585.0,9.192292814470767
585.5,9.193525360501216
586.0,9.194756854422248
586.5,9.19598729802851
587.0,9.197216693110052
587.5,9.198445041452363
588.0,9.199672344836364
588.5,9.200898605038445
589.0,9.20212382383046
589.5,9.203348002979762
590.0,9.204571144249204
590.5,9.205793249397157
591.0,9.207014320177532
591.5,9.208234358339789
592.0,9.20945336562895
592.5,9.210671343785622
593.0,9.211888294546004
593.5,9.213104219641906
594.0,9.214319120800766
594.5,9.215532999745657
595.0,9.216745858195306
595.5,9.217957697864113
596.0,9.219168520462162
596.5,9.220378327695228
597.0,9.221587121264806
597.5,9.222794902868111
598.0,9.224001674198105
598.5,9.225207436943501
599.0,9.226412192788786
599.5,9.227615943414223
600.0,9.228818690495881
600.5,9.230020435705635
601.0,9.231221180711186
601.5,9.232420927176076
602.0,9.233619676759702
602.5,9.234817431117325
603.0,9.236014191900084
603.5,9.237209960755022
604.0,9.238404739325079
604.5,9.239598529249124
605.0,9.240791332161956
605.5,9.24198314969433
606.0,9.243173983472952
606.5,9.24436383512051
607.0,9.245552706255681
607.5,9.246740598493144
608.0,9.247927513443585
608.5,9.249113452713729
609.0,9.250298417906333
609.5,9.251482410620213
610.0,9.252665432450248
610.5,9.253847484987404
611.0,9.25502856981873
611.5,9.256208688527387
612.0,9.257387842692651
612.5,9.258566033889933
613.0,9.259743263690781
613.5,9.260919533662905
614.0,9.262094845370179
614.5,9.263269200372662
615.0,9.264442600226602
615.5,9.265615046484458
616.0,9.266786540694902
616.5,9.26795708440284
617.0,9.269126679149418
617.5,9.27029532647204
618.0,9.271463027904375
618.5,9.27262978497637
619.0,9.273795599214264
619.5,9.274960472140602
620.0,9.276124405274238
620.5,9.277287400130357
621.0,9.278449458220482
621.5,9.279610581052484
622.0,9.280770770130603
622.5,9.281930026955443
623.0,9.283088353024002
623.5,9.28424574982967
624.0,9.285402218862249
624.5,9.286557761607957
625.0,9.287712379549449
625.5,9.28886607416582
626.0,9.290018846932618
626.5,9.29117069932186
627.0,9.29232163280204
627.5,9.293471648838134
628.0,9.294620748891626
628.5,9.295768934420508
629.0,9.296916206879288
629.5,9.298062567719017
630.0,9.29920801838728
630.5,9.30035256032822
631.0,9.30149619498255
631.5,9.302638923787553
632.0,9.303780748177102
632.5,9.304921669581672
633.0,9.306061689428342
633.5,9.30720080914081
634.0,9.308339030139408
634.5,9.309476353841106
635.0,9.310612781659529
635.5,9.311748315004959
636.0,9.312882955284355
636.5,9.314016703901357
637.0,9.3151495622563
637.5,9.31628153174622
638.0,9.31741261376487
638.5,9.318542809702723
639.0,9.319672120946995
639.5,9.320800548881637
640.0,9.321928094887362
640.5,9.323054760341646
641.0,9.324180546618742
641.5,9.325305455089682
642.0,9.326429487122303
642.5,9.32755264408124
643.0,9.328674927327947
643.5,9.329796338220701
644.0,9.330916878114618
644.5,9.332036548361652
645.0,9.333155350310616
645.5,9.33427328530719
646.0,9.335390354693924
646.5,9.336506559810255
647.0,9.337621901992508
647.5,9.338736382573916
648.0,9.339850002884624
648.5,9.3409627642517
649.0,9.342074667999139
649.5,9.34318571544788
650.0,9.344295907915816
650.5,9.345405246717796
651.0,9.346513733165635
651.5,9.347621368568134
652.0,9.348728154231077
652.5,9.349834091457247
653.0,9.350939181546432
653.5,9.352043425795433
654.0,9.353146825498083
654.5,9.354249381945241
655.0,9.355351096424812
655.5,9.356451970221755
656.0,9.357552004618084
656.5,9.358651200892886
657.0,9.35974956032233
657.5,9.360847084179664
658.0,9.361943773735241
658.5,9.363039630256514
659.0,9.364134655008051
659.5,9.365228849251544
660.0,9.366322214245816
660.5,9.367414751246828
661.0,9.368506461507693
661.5,9.369597346278677
662.0,9.370687406807217
662.5,9.371776644337924
663.0,9.372865060112588
663.5,9.373952655370193
664.0,9.375039431346925
664.5,9.376125389276174
665.0,9.377210530388552
665.5,9.378294855911891
666.0,9.379378367071261
666.5,9.380461065088973
667.0,9.381542951184585
667.5,9.382624026574916
668.0,9.383704292474052
668.5,9.384783750093353
669.0,9.38586240064146
669.5,9.386940245324311
670.0,9.388017285345136
670.5,9.389093521904474
671.0,9.390168956200183
671.5,9.391243589427443
672.0,9.39231742277876
672.5,9.393390457443987
673.0,9.394462694610317
673.5,9.395534135462302
674.0,9.396604781181859
674.5,9.397674632948268
675.0,9.398743691938193
675.5,9.399811959325685
676.0,9.400879436282183
676.5,9.401946123976536
677.0,9.403012023574997
677.5,9.404077136241234
678.0,9.405141463136344
678.5,9.406205005418855
679.0,9.407267764244732
679.5,9.40832974076739
680.0,9.409390936137703
680.5,9.410451351503994
681.0,9.411510988012072
681.5,9.41256984680521
682.0,9.413627929024173
682.5,9.414685235807214
683.0,9.41574176829009
683.5,9.41679752760606
684.0,9.417852514885897
684.5,9.4189067312579
685.0,9.419960177847889
685.5,9.421012855779226
686.0,9.422064766172813
686.5,9.4231159101471
687.0,9.4241662888181
687.5,9.425215903299383
688.0,9.426264754702098
688.5,9.427312844134963
689.0,9.428360172704291
689.5,9.429406741513981
690.0,9.430452551665532
690.5,9.43149760425805
691.0,9.432541900388259
691.5,9.433585441150495
692.0,9.434628227636725
692.5,9.43567026093655
693.0,9.436711542137214
693.5,9.437752072323603
694.0,9.43879185257826
694.5,9.439830883981392
695.0,9.44086916761087
695.5,9.44190670454224
696.0,9.442943495848729
696.5,9.443979542601253
697.0,9.445014845868423
697.5,9.44604940671655
698.0,9.447083226209653
698.5,9.448116305409464
699.0,9.449148645375436
699.5,9.450180247164754
700.0,9.451211111832329
700.5,9.452241240430817
701.0,9.453270634010623
701.5,9.454299293619899
702.0,9.45532722030456
702.5,9.456354415108288
703.0,9.457380879072534
703.5,9.458406613236532
704.0,9.459431618637296
704.5,9.460455896309636
705.0,9.461479447286155
705.5,9.462502272597265
706.0,9.46352437327118
706.5,9.46454575033394
707.0,9.4655664048094
707.5,9.466586337719244
708.0,9.467605550082997
708.5,9.468624042918018
709.0,9.469641817239516
709.5,9.470658874060552
710.0,9.471675214392045
710.5,9.47269083924278
711.0,9.473705749619416
711.5,9.474719946526482
712.0,9.475733430966399
712.5,9.476746203939467
713.0,9.477758266443889
713.5,9.478769619475763
714.0,9.479780264029099
714.5,9.480790201095816
715.0,9.481799431665753
715.5,9.482807956726667
716.0,9.483815777264256
716.5,9.484822894262146
717.0,9.485829308701904
717.5,9.486835021563051
718.0,9.487840033823051
718.5,9.488844346457336
719.0,9.489847960439297
719.5,9.490850876740298
720.0,9.491853096329674
720.5,9.492854620174748
721.0,9.493855449240822
721.5,9.494855584491198
722.0,9.49585502688717
722.5,9.496853777388042
723.0,9.497851836951117
723.5,9.498849206531725
724.0,9.499845887083206
724.5,9.50084187955693
725.0,9.501837184902296
725.5,9.502831804066744
726.0,9.50382573799575
726.5,9.504818987632841
727.0,9.505811553919594
727.5,9.506803437795647
728.0,9.507794640198696
728.5,9.508785162064513
729.0,9.509775004326936
729.5,9.510764167917891
730.0,9.51175265376738
730.5,9.512740462803498
731.0,9.513727595952437
731.5,9.514714054138487
732.0,9.515699838284043
732.5,9.51668494930961
733.0,9.517669388133811
733.5,9.51865315567339
734.0,9.519636252843213
734.5,9.52061868055628
735.0,9.521600439723727
735.5,9.522581531254831
736.0,9.523561956057012
736.5,9.524541715035848
737.0,9.52552080909507
737.5,9.526499239136566
738.0,9.527477006060396
738.5,9.52845411076479
739.0,9.52943055414615
739.5,9.530406337099068
740.0,9.531381460516313
740.5,9.532355925288847
741.0,9.533329732305834
741.5,9.53430288245463
742.0,9.535275376620802
742.5,9.536247215688128
743.0,9.537218400538595
743.5,9.53818893205242
744.0,9.539158811108031
744.5,9.5401280385821
745.0,9.541096615349524
745.5,9.542064542283443
746.0,9.543031820255237
746.5,9.543998450134541
747.0,9.544964432789238
747.5,9.545929769085467
748.0,9.546894459887637
748.5,9.547858506058416
749.0,9.54882190845875
749.5,9.54978466794786
750.0,9.550746785383243
750.5,9.55170826162069
751.0,9.552669097514272
751.5,9.553629293916364
752.0,9.554588851677638
752.5,9.555547771647065
753.0,9.556506054671928
753.5,9.557463701597824
754.0,9.558420713268664
754.5,9.559377090526683
755.0,9.560332834212442
755.5,9.561287945164828
756.0,9.562242424221072
756.5,9.563196272216738
757.0,9.564149489985732
757.5,9.565102078360313
758.0,9.566054038171092
758.5,9.567005370247033
759.0,9.567956075415466
759.5,9.568906154502084
760.0,9.569855608330949
760.5,9.570804437724497
761.0,9.571752643503546
761.5,9.572700226487292
762.0,9.573647187493322
762.5,9.57459352733761
763.0,9.57553924683453
763.5,9.576484346796851
764.0,9.57742882803575
764.5,9.578372691360805
765.0,9.579315937580015
765.5,9.580258567499788
766.0,9.581200581924957
766.5,9.582141981658777
767.0,9.583082767502933
767.5,9.584022940257542
768.0,9.584962500721156
768.5,9.585901449690772
769.0,9.586839787961827
769.5,9.58777751632821
770.0,9.588714635582264
770.5,9.589651146514786
771.0,9.590587049915035
771.5,9.591522346570734
772.0,9.59245703726808
772.5,9.593391122791736
773.0,9.594324603924848
773.5,9.595257481449035
774.0,9.59618975614441
774.5,9.597121428789569
775.0,9.5980525001616
775.5,9.59898297103609
776.0,9.599912842187127
776.5,9.600842114387302
777.0,9.60177078840771
777.5,9.602698865017965
778.0,9.603626344986193
778.5,9.604553229079038
779.0,9.605479518061669
779.5,9.606405212697785
780.0,9.60733031374961
780.5,9.608254821977908
781.0,9.60917873814198
781.5,9.610102062999664
782.0,9.611024797307353
782.5,9.61194694181998
783.0,9.612868497291041
783.5,9.61378946447258
784.0,9.614709844115207
784.5,9.615629636968098
785.0,9.61654884377899
785.5,9.617467465294196
786.0,9.618385502258606
786.5,9.619302955415687
787.0,9.620219825507487
787.5,9.621136113274641
788.0,9.622051819456376
788.5,9.62296694479051
789.0,9.623881490013458
789.5,9.624795455860237
790.0,9.625708843064466
790.5,9.62662165235837
791.0,9.627533884472792
791.5,9.62844554013718
792.0,9.62935662007961
792.5,9.63026712502677
793.0,9.63117705570398
793.5,9.632086412835182
794.0,9.632995197142957
794.5,9.63390340934852
795.0,9.634811050171718
795.5,9.635718120331047
796.0,9.63662462054365
796.5,9.63753055152531
797.0,9.638435913990472
797.5,9.639340708652231
798.0,9.640244936222345
798.5,9.641148597411233
799.0,9.642051692927977
799.5,9.642954223480332
800.0,9.643856189774725
800.5,9.644757592516257
801.0,9.64565843240871
801.5,9.646558710154547
802.0,9.64745842645492
802.5,9.648357582009666
803.0,9.649256177517314
803.5,9.650154213675094
804.0,9.651051691178928
804.5,9.651948610723446
805.0,9.65284497300198
805.5,9.653740778706569
806.0,9.654636028527968
806.5,9.655530723155643
807.0,9.656424863277781
807.5,9.657318449581288
808.0,9.658211482751796
808.5,9.659103963473662
809.0,9.659995892429977
809.5,9.660887270302567
810.0,9.661778097771988
810.5,9.662668375517542
811.0,9.663558104217273
811.5,9.664447284547972
812.0,9.665335917185176
812.5,9.66622400280318
813.0,9.667111542075027
813.5,9.667998535672528
814.0,9.668884984266247
814.5,9.669770888525518
815.0,9.67065624911844
815.5,9.671541066711884
816.0,9.672425341971495
816.5,9.673309075561695
817.0,9.674192268145683
817.5,9.675074920385445
818.0,9.67595703294175
818.5,9.676838606474153
819.0,9.677719641641009
819.5,9.678600139099458
820.0,9.679480099505446
820.5,9.680359523513713
821.0,9.681238411777805
821.5,9.682116764950074
822.0,9.682994583681683
822.5,9.683871868622603
823.0,9.684748620421626
823.5,9.685624839726355
824.0,9.686500527183219
824.5,9.687375683437468
825.0,9.688250309133178
825.5,9.689124404913258
826.0,9.689997971419446
826.5,9.690871009292314
827.0,9.691743519171276
827.5,9.69261550169458
828.0,9.693486957499326
828.5,9.694357887221452
829.0,9.69522829149575
829.5,9.696098170955864
830.0,9.696967526234287
830.5,9.697836357962377
831.0,9.698704666770345
831.5,9.699572453287269
832.0,9.700439718141093
832.5,9.701306461958625
833.0,9.702172685365548
833.5,9.703038388986418
834.0,9.703903573444663
834.5,9.704768239362599
835.0,9.705632387361415
835.5,9.706496018061188
836.0,9.707359132080883
836.5,9.708221730038353
837.0,9.709083812550343
837.5,9.709945380232497
838.0,9.710806433699352
838.5,9.711666973564347
839.0,9.712527000439824
839.5,9.71338651493703
840.0,9.714245517666123
840.5,9.715104009236168
841.0,9.715961990255144
841.5,9.71681946132995
842.0,9.717676423066395
842.5,9.71853287606922
843.0,9.719388820942083
843.5,9.720244258287567
844.0,9.721099188707186
844.5,9.721953612801386
845.0,9.722807531169547
845.5,9.723660944409984
846.0,9.72451385311995
846.5,9.725366257895642
847.0,9.726218159332198
847.5,9.727069558023706
848.0,9.727920454563199
848.5,9.728770849542663
849.0,9.729620743553038
849.5,9.73047013718422
850.0,9.731319031025064
850.5,9.732167425663386
851.0,9.733015321685963
851.5,9.733862719678543
852.0,9.734709620225837
852.5,9.735556023911535
853.0,9.73640193131829
853.5,9.737247343027738
854.0,9.73809225962049
854.5,9.73893668167614
855.0,9.73978060977326
855.5,9.740624044489413
856.0,9.741466986401146
856.5,9.742309436084
857.0,9.7431513941125
857.5,9.743992861060175
858.0,9.744833837499545
858.5,9.745674324002135
859.0,9.746514321138463
859.5,9.747353829478062
860.0,9.74819284958946
860.5,9.749031382040204
861.0,9.749869427396844
861.5,9.750706986224948
862.0,9.751544059089099
862.5,9.752380646552893
863.0,9.753216749178955
863.5,9.754052367528924
864.0,9.754887502163468
864.5,9.755722153642282
865.0,9.756556322524087
865.5,9.757390009366638
866.0,9.758223214726724
866.5,9.75905593916017
867.0,9.759888183221834
867.5,9.760719947465624
868.0,9.761551232444479
868.5,9.762382038710392
869.0,9.7632123668144
869.5,9.764042217306587
870.0,9.76487159073609
870.5,9.7657004876511
871.0,9.766528908598865
871.5,9.767356854125685
872.0,9.768184324776927
872.5,9.769011321097015
873.0,9.76983784362944
873.5,9.77066389291676
874.0,9.7714894695006
874.5,9.772314573921653
875.0,9.77313920671969
875.5,9.773963368433558
876.0,9.774787059601174
876.5,9.775610280759539
877.0,9.776433032444734
877.5,9.777255315191923
878.0,9.778077129535358
878.5,9.778898476008376
879.0,9.779719355143405
879.5,9.78053976747196
880.0,9.78135971352466
880.5,9.782179193831208
881.0,9.782998208920414
881.5,9.783816759320182
882.0,9.784634845557521
882.5,9.785452468158542
883.0,9.786269627648466
883.5,9.787086324551616
884.0,9.787902559391432
884.5,9.788718332690458
885.0,9.78953364497036
885.5,9.790348496751914
886.0,9.791162888555018
886.5,9.79197682089869
887.0,9.792790294301064
887.5,9.793603309279407
888.0,9.794415866350105
888.5,9.795227966028678
889.0,9.79603960882977
889.5,9.79685079526716
890.0,9.79766152585376
890.5,9.798471801101618
891.0,9.799281621521923
891.5,9.800090987624994
892.0,9.800899899920305
892.5,9.801708358916462
893.0,9.802516365121223
893.5,9.80332391904149
894.0,9.804131021183318
894.5,9.804937672051908
895.0,9.805743872151618
895.5,9.806549621985962
896.0,9.807354922057604
896.5,9.808159772868375
897.0,9.80896417491926
897.5,9.809768128710413
898.0,9.810571634741146
898.5,9.811374693509942
899.0,9.812177305514448
899.5,9.812979471251483
900.0,9.813781191217037
900.5,9.814582465906277
901.0,9.815383295813538
901.5,9.816183681432342
902.0,9.81698362325538
902.5,9.817783121774534
903.0,9.818582177480858
903.5,9.8193807908646
904.0,9.820178962415188
904.5,9.82097669262124
905.0,9.821773981970567
905.5,9.822570830950168
906.0,9.823367240046235
906.5,9.824163209744158
907.0,9.824958740528523
907.5,9.825753832883112
908.0,9.826548487290914
908.5,9.827342704234116
909.0,9.828136484194108
909.5,9.828929827651486
910.0,9.829722735086058
910.5,9.830515206976838
911.0,9.831307243802051
911.5,9.832098846039134
912.0,9.832890014164741
912.5,9.833680748654741
913.0,9.834471049984222
913.5,9.835260918627489
914.0,9.83605035505807
914.5,9.836839359748716
915.0,9.837627933171404
915.5,9.838416075797337
916.0,9.839203788096944
916.5,9.839991070539886
917.0,9.840777923595054
917.5,9.841564347730575
918.0,9.842350343413807
918.5,9.84313591111135
919.0,9.843921051289035
919.5,9.844705764411938
920.0,9.845490050944376
920.5,9.846273911349906
921.0,9.847057346091336
921.5,9.847840355630714
922.0,9.848622940429339
922.5,9.849405100947758
923.0,9.850186837645774
923.5,9.850968150982439
924.0,9.851749041416058
924.5,9.852529509404196
925.0,9.853309555403674
925.5,9.854089179870574
926.0,9.854868383260236
926.5,9.855647166027266
927.0,9.85642552862553
927.5,9.857203471508166
928.0,9.857980995127573
928.5,9.858758099935422
929.0,9.859534786382653
929.5,9.860311054919482
930.0,9.861086905995395
930.5,9.861862340059151
931.0,9.862637357558794
931.5,9.863411958941638
932.0,9.86418614465428
932.5,9.8649599151426
933.0,9.86573327085176
933.5,9.866506212226202
934.0,9.867278739709661
934.5,9.868050853745158
935.0,9.868822554774999
935.5,9.869593843240784
936.0,9.870364719583405
936.5,9.871135184243045
937.0,9.871905237659186
937.5,9.872674880270605
938.0,9.873444112515376
938.5,9.874212934830874
939.0,9.874981347653774
939.5,9.875749351420055
940.0,9.876516946565
940.5,9.877284133523196
941.0,9.878050912728536
941.5,9.878817284614229
942.0,9.879583249612784
942.5,9.880348808156027
943.0,9.881113960675096
943.5,9.881878707600446
944.0,9.88264304936184
944.5,9.88340698638837
945.0,9.884170519108435
945.5,9.884933647949762
946.0,9.885696373339394
946.5,9.886458695703706
947.0,9.887220615468385
947.5,9.887982133058454
948.0,9.888743248898258
948.5,9.889503963411476
949.0,9.89026427702111
949.5,9.891024190149498
950.0,9.89178370321831
950.5,9.892542816648552
951.0,9.893301530860564
951.5,9.894059846274022
952.0,9.894817763307943
952.5,9.895575282380685
953.0,9.896332403909941
953.5,9.897089128312755
954.0,9.897845456005511
954.5,9.898601387403938
955.0,9.899356922923111
955.5,9.900112062977456
956.0,9.900866807980748
956.5,9.901621158346112
957.0,9.902375114486025
957.5,9.903128676812319
958.0,9.90388184573618
958.5,9.904634621668151
959.0,9.905387005018131
959.5,9.90613899619538
960.0,9.906890595608518
960.5,9.907641803665527
961.0,9.90839262077375
961.5,9.909143047339898
962.0,9.909893083770042
962.5,9.910642730469625
963.0,9.911391987843459
963.5,9.912140856295721
964.0,9.912889336229961
964.5,9.913637428049103
965.0,9.914385132155443
965.5,9.91513244895065
966.0,9.915879378835774
966.5,9.916625922211235
967.0,9.917372079476841
967.5,9.918117851031772
968.0,9.918863237274595
968.5,9.919608238603253
969.0,9.92035285541508
969.5,9.921097088106793
970.0,9.92184093707449
970.5,9.922584402713664
971.0,9.923327485419192
971.5,9.924070185585345
972.0,9.92481250360578
972.5,9.925554439873554
973.0,9.926295994781112
973.5,9.927037168720295
974.0,9.927777962082342
974.5,9.92851837525789
975.0,9.929258408636972
975.5,9.929998062609027
976.0,9.930737337562887
976.5,9.93147623388679
977.0,9.932214751968385
977.5,9.932952892194715
978.0,9.933690654952233
978.5,9.934428040626804
979.0,9.935165049603695
979.5,9.935901682267588
980.0,9.936637939002571
980.5,9.93737382019215
981.0,9.938109326219239
981.5,9.938844457466171
982.0,9.939579214314692
982.5,9.940313597145968
983.0,9.94104760634058
983.5,9.94178124227853
984.0,9.94251450533924
984.5,9.943247395901553
985.0,9.943979914343739
985.5,9.944712061043486
986.0,9.945443836377912
986.5,9.946175240723559
987.0,9.946906274456397
987.5,9.947636937951827
988.0,9.948367231584678
988.5,9.949097155729207
989.0,9.94982671075911
989.5,9.950555897047511
990.0,9.951284714966972
990.5,9.952013164889486
991.0,9.952741247186488
991.5,9.953468962228849
992.0,9.954196310386875
992.5,9.95492329203032
993.0,9.955649907528374
993.5,9.95637615724967
994.0,9.957102041562287
994.5,9.957827560833744
995.0,9.958552715431011
995.5,9.959277505720502
996.0,9.960001932068081
996.5,9.960725994839057
997.0,9.961449694398196
997.5,9.962173031109709
998.0,9.96289600533726
998.5,9.963618617443972
999.0,9.964340867792417
999.5,9.965062756744627
1000.0,9.965784284662087
