X,Logaritmo Natural
1.0,0.0
1.5,0.4054651081081644
2.0,0.6931471805599453
2.5,0.9162907318741551
3.0,1.0986122886681098
3.5,1.252762968495368
4.0,1.3862943611198906
4.5,1.5040773967762742
5.0,1.6094379124341003
5.5,1.7047480922384253
6.0,1.791759469228055
6.5,1.8718021769015913
7.0,1.9459101490553132
7.5,2.0149030205422647
8.0,2.0794415416798357
8.5,2.1400661634962708
9.0,2.1972245773362196
9.5,2.2512917986064953
10.0,2.302585092994046
10.5,2.3513752571634776
11.0,2.3978952727983707
11.5,2.4423470353692043
12.0,2.4849066497880004
12.5,2.5257286443082556
13.0,2.5649493574615367
13.5,2.6026896854443837
14.0,2.6390573296152584
14.5,2.6741486494265287
15.0,2.70805020110221
15.5,2.740840023925201
16.0,2.772588722239781
16.5,2.803360380906535
17.0,2.833213344056216
17.5,2.8622008809294686
18.0,2.8903717578961645
18.5,2.917770732084279
19.0,2.9444389791664403
19.5,2.970414465569701
20.0,2.995732273553991
20.5,3.0204248861443626
21.0,3.044522437723423
21.5,3.068052935133617
22.0,3.091042453358316
22.5,3.1135153092103742
23.0,3.1354942159291497
23.5,3.1570004211501135
24.0,3.1780538303479458
24.5,3.1986731175506815
25.0,3.2188758248682006
25.5,3.2386784521643803
26.0,3.258096538021482
26.5,3.2771447329921766
27.0,3.295836866004329
27.5,3.3141860046725258
28.0,3.332204510175204
28.5,3.349904087274605
29.0,3.367295829986474
29.5,3.3843902633457743
30.0,3.4011973816621555
30.5,3.417726683613366
31.0,3.4339872044851463
31.5,3.449987545831587
32.0,3.4657359027997265
32.5,3.481240089335692
33.0,3.4965075614664802
33.5,3.5115454388310208
34.0,3.5263605246161616
34.5,3.5409593240373143
35.0,3.5553480614894135
35.5,3.56953269648137
36.0,3.58351893845611
36.5,3.597312260588446
37.0,3.6109179126442243
37.5,3.624340932976365
38.0,3.6375861597263857
38.5,3.6506582412937387
39.0,3.6635616461296463
39.5,3.676300671907076
40.0,3.6888794541139363
40.5,3.7013019741124933
41.0,3.713572066704308
41.5,3.7256934272366524
42.0,3.7376696182833684
42.5,3.7495040759303713
43.0,3.7612001156935624
43.5,3.7727609380946383
44.0,3.784189633918261
44.5,3.7954891891721947
45.0,3.8066624897703196
45.5,3.817712325956905
46.0,3.828641396489095
46.5,3.8394523125933104
47.0,3.8501476017100584
47.5,3.8607297110405954
48.0,3.871201010907891
48.5,3.8815637979434374
49.0,3.8918202981106265
49.5,3.901972669574645
50.0,3.912023005428146
50.5,3.9219733362813143
51.0,3.9318256327243257
51.5,3.9415818076696905
52.0,3.9512437185814275
52.5,3.960813169597578
53.0,3.970291913552122
53.5,3.979681653901961
54.0,3.9889840465642745
54.5,3.9982007016691985
55.0,4.007333185232471
55.5,4.0163830207523885
56.0,4.02535169073515
56.5,4.034240638152395
57.0,4.04305126783455
57.5,4.051784947803305
58.0,4.060443010546419
58.5,4.069026754237811
59.0,4.07753744390572
59.5,4.085976312551584
60.0,4.0943445622221
60.5,4.102643365036796
61.0,4.110873864173311
61.5,4.119037174812473
62.0,4.127134385045092
62.5,4.135166556742356
63.0,4.143134726391533
63.5,4.151039905898646
64.0,4.1588830833596715
64.5,4.1666652238017265
65.0,4.174387269895637
65.5,4.182050142641207
66.0,4.189654742026425
66.5,4.197201947661808
67.0,4.204692619390966
67.5,4.212127597878484
68.0,4.219507705176107
68.5,4.22683374526818
69.0,4.23410650459726
69.5,4.241326752570746
70.0,4.248495242049359
70.5,4.255612709818223
71.0,4.2626798770413155
71.5,4.269697449699962
72.0,4.276666119016055
72.5,4.283586561860629
73.0,4.290459441148391
73.5,4.297285406218791
74.0,4.30406509320417
74.5,4.310799125385514
75.0,4.31748811353631
75.5,4.324132656254979
76.0,4.330733340286331
76.5,4.33729074083249
77.0,4.343805421853684
77.5,4.350277936359301
78.0,4.356708826689592
78.5,4.363098624788363
79.0,4.3694478524670215
79.5,4.375757021660286
80.0,4.382026634673881
80.5,4.388257184424518
81.0,4.394449154672439
81.5,4.400603020246817
82.0,4.406719247264253
82.5,4.412798293340635
83.0,4.418840607796598
83.5,4.42484663185681
84.0,4.430816798843313
84.5,4.436751534363128
85.0,4.442651256490317
85.5,4.448516375942715
86.0,4.454347296253507
86.5,4.460144413937834
87.0,4.465908118654584
87.5,4.471638793363569
88.0,4.477336814478207
88.5,4.483002552013883
89.0,4.48863636973214
89.5,4.4942386252808095
90.0,4.499809670330265
90.5,4.505349850705881
91.0,4.51085950651685
91.5,4.516338972281476
92.0,4.5217885770490405
92.5,4.52720864451838
93.0,4.532599493153256
93.5,4.537961436294641
94.0,4.543294782270004
94.5,4.548599834499697
95.0,4.553876891600541
95.5,4.5591262474866845
96.0,4.564348191467836
96.5,4.56954300834494
97.0,4.574710978503383
97.5,4.579852378003801
98.0,4.584967478670572
98.5,4.590056548178043
99.0,4.59511985013459
99.5,4.600157644164547
100.0,4.605170185988092
100.5,4.61015772749913
101.0,4.61512051684126
101.5,4.620058798481842
102.0,4.624972813284271
102.5,4.629862798578463
103.0,4.634728988229636
103.5,4.639571612705423
104.0,4.6443908991413725
104.5,4.6491870714048655
105.0,4.653960350157523
105.5,4.658710952916121
106.0,4.663439094112067
106.5,4.66814498514948
107.0,4.672828834461906
107.5,4.677490847567717
108.0,4.68213122712422
108.5,4.686750172980514
109.0,4.6913478822291435
109.5,4.695924549256556
110.0,4.700480365792417
110.5,4.705015520957808
111.0,4.709530201312334
111.5,4.7140245909001735
112.0,4.718498871295094
112.5,4.722953221644475
113.0,4.727387818712341
113.5,4.7318028369214575
114.0,4.736198448394496
114.5,4.740574822994295
115.0,4.74493212836325
115.5,4.749270529961848
116.0,4.7535901911063645
116.5,4.757891273005756
117.0,4.762173934797756
117.5,4.7664383335842135
118.0,4.770684624465665
118.5,4.774912960575186
119.0,4.77912349311153
119.5,4.783316371371566
120.0,4.787491742782046
120.5,4.791649752930709
121.0,4.795790545596741
121.5,4.799914262780603
122.0,4.804021044733257
122.5,4.808111029984782
123.0,4.812184355372417
123.5,4.816241156068032
124.0,4.820281565605037
124.5,4.824305715904762
125.0,4.8283137373023015
125.5,4.832305758571839
126.0,4.836281906951478
126.5,4.840242308167575
127.0,4.844187086458591
127.5,4.848116364598481
128.0,4.852030263919617
128.5,4.855928904335275
129.0,4.859812404361672
129.5,4.863680881139593
130.0,4.867534450455582
130.5,4.871373226762748
131.0,4.875197323201151
131.5,4.879006851617819
132.0,4.882801922586371
132.5,4.886582645426277
133.0,4.890349128221754
133.5,4.894101477840304
134.0,4.897839799950911
134.5,4.901564199041894
135.0,4.90527477843843
135.5,4.908971640319756
136.0,4.912654885736052
136.5,4.916324614625014
137.0,4.919980925828125
137.5,4.923623917106626
138.0,4.927253685157205
138.5,4.930870325627393
139.0,4.9344739331306915
139.5,4.93806460126142
140.0,4.941642422609304
140.5,4.945207488773801
141.0,4.948759890378168
141.5,4.952299717083292
142.0,4.955827057601261
142.5,4.959341999708705
143.0,4.962844630259907
143.5,4.966335035199676
144.0,4.969813299576001
144.5,4.973279507552487
145.0,4.976733742420574
145.5,4.980176086611547
146.0,4.983606621708336
146.5,4.987025428457122
147.0,4.990432586778736
147.5,4.993828175779875
148.0,4.997212273764115
148.5,5.000584958242754
149.0,5.003946305945459
149.5,5.0072963928307415
150.0,5.0106352940962555
150.5,5.01396308418893
151.0,5.017279836814924
151.5,5.020585624949423
152.0,5.0238805208462765
152.5,5.0271645960474665
153.0,5.030437921392435
153.5,5.033700567027251
154.0,5.0369526024136295
154.5,5.0401940963378005
155.0,5.043425116919247
155.5,5.0466457316192885
156.0,5.049856007249537
156.5,5.0530560099802075
157.0,5.056245805348308
157.5,5.059425458265688
158.0,5.062595033026967
158.5,5.065754593317335
159.0,5.0689042022202315
159.5,5.072043922224899
160.0,5.075173815233827
160.5,5.07829394257007
161.0,5.081404364984463
161.5,5.084505142662711
162.0,5.087596335232384
162.5,5.090678001769792
163.0,5.093750200806762
163.5,5.096812990337308
164.0,5.099866427824199
164.5,5.1029105702054265
165.0,5.10594547390058
165.5,5.1089711948171175
166.0,5.111987788356544
166.5,5.1149953094204985
167.0,5.117993812416755
167.5,5.120983351265121
168.0,5.123963979403259
168.5,5.126935749792416
169.0,5.1298987149230735
169.5,5.1328529268205045
170.0,5.135798437050262
170.5,5.1387352967235715
171.0,5.14166355650266
171.5,5.144583266605995
172.0,5.147494476813453
172.5,5.150397236471415
173.0,5.153291594497779
173.5,5.156177599386914
174.0,5.159055299214529
174.5,5.161924741642482
175.0,5.1647859739235145
175.5,5.167639042905921
176.0,5.170483995038151
176.5,5.173320876373351
177.0,5.176149732573829
177.5,5.178970608915471
178.0,5.181783550292085
178.5,5.184588601219693
179.0,5.187385805840755
179.5,5.190175207928333
180.0,5.19295685089021
180.5,5.195730777772936
181.0,5.198497031265826
181.5,5.201255653704905
182.0,5.204006687076795
182.5,5.206750173022546
183.0,5.209486152841421
183.5,5.212214667494625
184.0,5.214935757608986
184.5,5.217649463480582
185.0,5.220355825078324
185.5,5.22305488204749
186.0,5.225746673713202
186.5,5.2284312390838705
187.0,5.231108616854587
187.5,5.233778845410465
188.0,5.236441962829949
188.5,5.2390980068880655
189.0,5.241747015059643
189.5,5.244389024522481
190.0,5.247024072160486
190.5,5.249652194566756
191.0,5.25227342804663
191.5,5.2548878086207
192.0,5.2574953720277815
192.5,5.260096153727839
193.0,5.262690188904886
193.5,5.2652775124698366
194.0,5.267858159063328
194.5,5.270432163058501
195.0,5.272999558563747
195.5,5.27556037942542
196.0,5.278114659230517
196.5,5.280662431309316
197.0,5.2832037287379885
197.5,5.285738584341177
198.0,5.288267030694535
198.5,5.290789100127245
199.0,5.293304824724492
199.5,5.295814236329918
200.0,5.298317366548036
200.5,5.300814246746624
201.0,5.303304908059076
201.5,5.305789381386738
202.0,5.308267697401205
202.5,5.310739886546594
203.0,5.313205979041787
203.5,5.31566600488265
204.0,5.318119993844216
204.5,5.320567975482857
205.0,5.3230099791384085
205.5,5.32544603393629
206.0,5.327876168789581
206.5,5.330300412401088
207.0,5.332718793265369
207.5,5.335131339670753
208.0,5.337538079701318
208.5,5.339939041238856
209.0,5.342334251964811
209.5,5.344723739362192
210.0,5.3471075307174685
210.5,5.349485653122436
211.0,5.351858133476067
211.5,5.354224998486333
212.0,5.356586274672012
212.5,5.358941988364472
213.0,5.3612921657094255
213.5,5.363636832668679
214.0,5.365976015021851
214.5,5.368309738368072
215.0,5.3706380281276624
215.5,5.372960909543803
216.0,5.375278407684165
216.5,5.377590547442544
217.0,5.37989735354046
217.5,5.382198850528739
218.0,5.384495062789089
218.5,5.3867860145356445
219.0,5.389071729816501
219.5,5.391352232515226
220.0,5.393627546352362
220.5,5.395897694886901
221.0,5.3981627015177525
221.5,5.40042258948519
222.0,5.402677381872279
222.5,5.404927101606295
223.0,5.407171771460119
223.5,5.409411414053624
224.0,5.4116460518550396
224.5,5.413875707182309
225.0,5.41610040220442
225.5,5.418320158942733
226.0,5.420534999272286
226.5,5.422744944923089
227.0,5.424950017481403
227.5,5.427150238391005
228.0,5.429345628954441
228.5,5.43153621033426
229.0,5.43372200355424
229.5,5.4359030295006
230.0,5.438079308923196
230.5,5.440250862436703
231.0,5.442417710521793
231.5,5.444579873526289
232.0,5.44673737166631
232.5,5.448890225027411
233.0,5.4510384535657
233.5,5.453182077108952
234.0,5.455321115357702
234.5,5.457455587886334
235.0,5.459585514144159
235.5,5.461710913456472
236.0,5.4638318050256105
236.5,5.465948207931988
237.0,5.4680601411351315
237.5,5.470167623474696
238.0,5.472270673671475
238.5,5.474369310328396
239.0,5.476463551931511
239.5,5.4785534168509695
240.0,5.480638923341991
240.5,5.482720089545816
241.0,5.484796933490655
241.5,5.486869473092628
242.0,5.488937726156687
242.5,5.491001710377538
243.0,5.493061443340548
243.5,5.495116942522644
244.0,5.497168225293202
244.5,5.499215308914927
245.0,5.501258210544727
245.5,5.503296947234575
246.0,5.5053315359323625
246.5,5.5073619934827445
247.0,5.5093883366279774
247.5,5.511410582008745
248.0,5.5134287461649825
248.5,5.5154428455366835
249.0,5.517452896464707
249.5,5.519458915191573
250.0,5.521460917862246
250.5,5.523458920524919
251.0,5.5254529391317835
251.5,5.527442989539794
252.0,5.529429087511423
252.5,5.531411248715415
253.0,5.53338948872752
253.5,5.535363823031238
254.0,5.537334267018537
254.5,5.539300835990577
255.0,5.541263545158426
255.5,5.543222409643759
256.0,5.545177444479562
256.5,5.547128664610824
257.0,5.54907608489522
257.5,5.551019720103791
258.0,5.552959584921617
258.5,5.554895693948484
259.0,5.556828061699537
259.5,5.558756702605943
260.0,5.560681631015528
260.5,5.5626028611934215
261.0,5.564520407322694
261.5,5.566434283504978
262.0,5.568344503761097
262.5,5.570251082031678
263.0,5.572154032177765
263.5,5.574053367981417
264.0,5.575949103146316
264.5,5.577841251298354
265.0,5.579729825986222
265.5,5.581614840681993
266.0,5.583496308781699
266.5,5.585374243605899
267.0,5.58724865840025
267.5,5.589119566336061
268.0,5.5909869805108565
268.5,5.5928509139489195
269.0,5.594711379601839
269.5,5.596568390349052
270.0,5.598421958998375
270.5,5.600272098286537
271.0,5.602118820879701
271.5,5.60396213937399
272.0,5.605802066295998
272.5,5.607638614103299
273.0,5.60947179518496
273.5,5.611301621862036
274.0,5.6131281063880705
274.5,5.614951260949585
275.0,5.616771097666572
275.5,5.6185876285929695
276.0,5.62040086571715
276.5,5.6222108209623896
277.0,5.6240175061873385
277.5,5.625820933186489
278.0,5.627621113690637
278.5,5.629418059367339
279.0,5.631211781821365
279.5,5.633002292595154
280.0,5.634789603169249
280.5,5.636573724962751
281.0,5.638354669333745
281.5,5.640132447579745
282.0,5.641907070938114
282.5,5.643678550586496
283.0,5.645446897643238
283.5,5.647212123167807
284.0,5.648974238161206
284.5,5.6507332535663855
285.0,5.652489180268651
285.5,5.654242029096065
286.0,5.655991810819852
286.5,5.6577385361547945
287.0,5.659482215759621
287.5,5.661222860237405
288.0,5.662960480135946
288.5,5.664695085948154
289.0,5.666426688112432
289.5,5.66815529701305
290.0,5.66988092298052
290.5,5.671603576291966
291.0,5.673323267171493
291.5,5.675040005790547
292.0,5.676753802268282
292.5,5.678464666671911
293.0,5.680172609017068
293.5,5.681877639268151
294.0,5.683579767338681
294.5,5.685279003091641
295.0,5.68697535633982
295.5,5.688668836846153
296.0,5.69035945432406
296.5,5.69204721843778
297.0,5.6937321388027
297.5,5.695414224985685
298.0,5.697093486505405
298.5,5.698769932832657
299.0,5.700443573390687
299.5,5.702114417555504
300.0,5.703782474656201
300.5,5.705447753975262
301.0,5.707110264748875
301.5,5.70877001616724
302.0,5.71042701737487
302.5,5.7120812774708964
303.0,5.713732805509369
303.5,5.715381610499553
304.0,5.717027701406222
304.5,5.718671087149952
305.0,5.720311776607412
305.5,5.72194977861165
306.0,5.723585101952381
306.5,5.725217755376266
307.0,5.726847747587197
307.5,5.728475087246572
308.0,5.730099782973574
308.5,5.731721843345443
309.0,5.733341276897746
309.5,5.734958092124651
310.0,5.736572297479192
310.5,5.738183901373533
311.0,5.739792912179234
311.5,5.741399338227508
312.0,5.7430031878094825
312.5,5.744604469176457
313.0,5.746203190540153
313.5,5.7477993600729755
314.0,5.749392985908253
314.5,5.750984076140496
315.0,5.752572638825633
315.5,5.754158681981268
316.0,5.755742213586912
316.5,5.757323241584231
317.0,5.75890177387728
317.5,5.760477818332746
318.0,5.762051382780177
318.5,5.763622475012218
319.0,5.765191102784844
319.5,5.766757273817589
320.0,5.768320995793772
320.5,5.7698822763607245
321.0,5.771441123130016
321.5,5.772997543677674
322.0,5.7745515455444085
322.5,5.776103136235827
323.0,5.777652323222656
323.5,5.7791991139409555
324.0,5.780743515792329
324.5,5.782285536144145
325.0,5.783825182329737
325.5,5.785362461648624
326.0,5.786897381366708
326.5,5.788429948716486
327.0,5.7899601708972535
327.5,5.791488055075306
328.0,5.793013608384144
328.5,5.794536837924666
329.0,5.796057750765372
329.5,5.797576353942562
330.0,5.799092654460526
330.5,5.800606659291741
331.0,5.802118375377063
331.5,5.803627809625917
332.0,5.805134968916488
332.5,5.806639860095909
333.0,5.808142489980444
333.5,5.809642865355678
334.0,5.811140992976701
334.5,5.8126368795682835
335.0,5.814130531825066
335.5,5.815621956411737
336.0,5.817111159963204
336.5,5.8185981490847825
337.0,5.820082930352362
337.5,5.821565510312585
338.0,5.823045895483019
338.5,5.82452409235233
339.0,5.82600010738045
339.5,5.827473946998751
340.0,5.8289456176102075
340.5,5.830415125589567
341.0,5.831882477283517
341.5,5.833347679010845
342.0,5.834810737062605
342.5,5.83627165770228
343.0,5.8377304471659395
343.5,5.839187111662404
344.0,5.840641657373398
344.5,5.842094090453713
345.0,5.84354441703136
345.5,5.844992643207725
346.0,5.846438775057725
346.5,5.847882818629958
347.0,5.849324779946859
347.5,5.850764665004847
348.0,5.8522024797744745
348.5,5.853638230200579
349.0,5.855071922202427
349.5,5.856503561673865
350.0,5.857933154483459
350.5,5.859360706474645
351.0,5.860786223465865
351.5,5.86220971125072
352.0,5.863631175598097
352.5,5.8650506222523235
353.0,5.8664680569332965
353.5,5.867883485336628
354.0,5.869296913133774
354.5,5.870708345972182
355.0,5.872117789475416
355.5,5.873525249243295
356.0,5.87493073085203
356.5,5.8763342398543505
357.0,5.877735781779639
357.5,5.879135362134062
358.0,5.8805329864007
358.5,5.881928660039675
359.0,5.883322388488279
359.5,5.884714177161102
360.0,5.886104031450156
360.5,5.887491956725004
361.0,5.8888779583328805
361.5,5.890262041598819
362.0,5.8916442118257715
362.5,5.893024474294729
363.0,5.8944028342648505
363.5,5.895779296973574
364.0,5.8971538676367405
364.5,5.898526551448713
365.0,5.8998973535824915
365.5,5.901266279189834
366.0,5.902633333401366
366.5,5.903998521326706
367.0,5.905361848054571
367.5,5.906723318652891
368.0,5.908082938168931
368.5,5.909440711629391
369.0,5.910796644040527
369.5,5.912150740388256
370.0,5.91350300563827
370.5,5.914853444736141
371.0,5.916202062607435
371.5,5.917548864157814
372.0,5.918893854273146
372.5,5.920237037819614
373.0,5.921578419643816
373.5,5.922918004572872
374.0,5.924255797414532
374.5,5.925591802957274
375.0,5.926926025970411
375.5,5.928258471204189
376.0,5.929589143389895
376.5,5.930918047239948
377.0,5.932245187448011
377.5,5.933570568689079
378.0,5.934894195619588
378.5,5.936216072877503
379.0,5.937536205082426
379.5,5.938854596835685
380.0,5.940171252720432
380.5,5.941486177301741
381.0,5.942799375126701
381.5,5.9441108507245115
382.0,5.945420608606575
382.5,5.94672865326659
383.0,5.948034989180646
383.5,5.949339620807311
384.0,5.950642552587727
384.5,5.951943788945699
385.0,5.953243334287785
385.5,5.954541193003384
386.0,5.955837369464831
386.5,5.957131868027477
387.0,5.958424693029782
387.5,5.959715848793402
388.0,5.961005339623274
388.5,5.962293169807702
389.0,5.963579343618446
389.5,5.964863865310803
390.0,5.966146739123692
390.5,5.967427969279741
391.0,5.968707559985366
391.5,5.969985515430857
392.0,5.971261839790462
392.5,5.972536537222463
393.0,5.973809611869261
393.5,5.975081067857458
394.0,5.976350909297934
394.5,5.977619140285929
395.0,5.978885764901122
395.5,5.980150787207709
396.0,5.981414211254481
396.5,5.982676041074902
397.0,5.983936280687191
397.5,5.985194934094387
398.0,5.986452005284438
398.5,5.98770749823027
399.0,5.988961416889864
399.5,5.990213765206329
400.0,5.991464547107982
400.5,5.992713766508414
401.0,5.993961427306569
401.5,5.995207533386816
402.0,5.996452088619021
402.5,5.997695096858618
403.0,5.998936561946683
403.5,6.000176487710004
404.0,6.0014148779611505
404.5,6.002651736498547
405.0,6.003887067106539
405.5,6.005120873555468
406.0,6.0063531596017325
406.5,6.007583928987866
407.0,6.008813185442595
407.5,6.010040932680917
408.0,6.0112671744041615
408.5,6.012491914300058
409.0,6.013715156042802
409.5,6.014936903293124
410.0,6.016157159698354
410.5,6.017375928892483
411.0,6.018593214496234
411.5,6.019809020117124
412.0,6.021023349349527
412.5,6.022236205774735
413.0,6.023447592961033
413.5,6.024657514463746
414.0,6.025865973825314
414.5,6.02707297457535
415.0,6.028278520230698
415.5,6.029482614295503
416.0,6.030685260261263
416.5,6.031886461606898
417.0,6.0330862217988015
417.5,6.0342845442909105
418.0,6.035481432524756
418.5,6.03667688992953
419.0,6.037870919922137
419.5,6.0390635259072605
420.0,6.040254711277414
420.5,6.041444479413003
421.0,6.042632833682381
421.5,6.04381977744191
422.0,6.045005314036012
422.5,6.046189446797229
423.0,6.0473721790462776
423.5,6.048553514092109
424.0,6.049733455231958
424.5,6.050912005751402
425.0,6.052089168924417
425.5,6.053264948013429
426.0,6.054439346269371
426.5,6.055612366931734
427.0,6.056784013228625
427.5,6.0579542883768145
428.0,6.059123195581797
428.5,6.060290738037835
429.0,6.061456918928017
429.5,6.06262174142431
430.0,6.063785208687608
430.5,6.064947323867785
431.0,6.066108090103747
431.5,6.067267510523482
432.0,6.068425588244111
432.5,6.069582326371934
433.0,6.07073772800249
433.5,6.071891796220597
434.0,6.073044534100405
434.5,6.074195944705447
435.0,6.075346031088684
435.5,6.0764947962925575
436.0,6.077642243349034
436.5,6.0787883752796565
437.0,6.07993319509559
437.5,6.081076705797669
438.0,6.082218910376446
438.5,6.083359811812238
439.0,6.0844994130751715
439.5,6.085637717125231
440.0,6.0867747269123065
440.5,6.0879104453762345
441.0,6.089044875446846
441.5,6.090178020044014
442.0,6.091309882077698
442.5,6.092440464447984
443.0,6.093569770045136
443.5,6.094697801749634
444.0,6.095824562432225
444.5,6.096950054953959
445.0,6.09807428216624
445.5,6.099197246910864
446.0,6.100318952020064
446.5,6.101439400316553
447.0,6.102558594613569
447.5,6.10367653771491
448.0,6.104793232414985
448.5,6.105908681498851
449.0,6.1070228877422545
449.5,6.108135853911675
450.0,6.1092475827643655
450.5,6.110358077048392
451.0,6.111467339502679
451.5,6.11257537285704
452.0,6.113682179832232
452.5,6.114787763139981
453.0,6.115892125483034
453.5,6.116995269555192
454.0,6.118097198041348
454.5,6.119197913617533
455.0,6.12029741895095
455.5,6.121395716700013
456.0,6.1224928095143865
456.5,6.1235887000350235
457.0,6.124683390894205
457.5,6.125776884715576
458.0,6.126869184114185
458.5,6.127960291696519
459.0,6.129050210060545
459.5,6.1301389417957415
460.0,6.131226489483141
460.5,6.132312855695361
461.0,6.133398042996649
461.5,6.134482053942907
462.0,6.135564891081739
462.5,6.1366465569524795
463.0,6.137727054086234
463.5,6.13880638500591
464.0,6.139884552226255
464.5,6.140961558253893
465.0,6.142037405587356
465.5,6.143112096717122
466.0,6.144185634125646
466.5,6.1452580202873985
467.0,6.1463292576688975
467.5,6.147399348728742
468.0,6.148468295917647
468.5,6.149536101678477
469.0,6.150602768446279
469.5,6.1516682986483175
470.0,6.152732694704104
470.5,6.153795959025435
471.0,6.154858094016418
471.5,6.155919102073512
472.0,6.156978985585555
472.5,6.158037746933798
473.0,6.159095388491933
473.5,6.160151912626133
474.0,6.161207321695077
474.5,6.162261618049983
475.0,6.163314804034641
475.5,6.164366881985445
476.0,6.16541785423142
476.5,6.166467723094256
477.0,6.1675164908883415
477.5,6.168564159920785
478.0,6.169610732491456
478.5,6.170656210893009
479.0,6.171700597410915
479.5,6.172743894323493
480.0,6.173786103901937
480.5,6.174827228410347
481.0,6.175867270105761
481.5,6.17690623123818
482.0,6.1779441140506
482.5,6.178980920779041
483.0,6.180016653652572
483.5,6.181051314893349
484.0,6.182084906716632
484.5,6.183117431330821
485.0,6.184148890937483
485.5,6.18517928773138
486.0,6.186208623900494
486.5,6.1872369016260595
487.0,6.18826412308259
487.5,6.189290290437902
488.0,6.1903154058531475
488.5,6.191339471482838
489.0,6.192362489474872
489.5,6.193384461970565
490.0,6.194405391104672
490.5,6.195425279005418
491.0,6.19644412779452
491.5,6.197461939587221
492.0,6.198478716492308
492.5,6.199494460612144
493.0,6.20050917404269
493.5,6.2015228588735365
494.0,6.202535517187923
494.5,6.203547151062767
495.0,6.20455776256869
495.5,6.205567353770043
496.0,6.206575926724928
496.5,6.2075834834852275
497.0,6.208590026096629
497.5,6.209595556598647
498.0,6.210600077024653
498.5,6.211603589401893
499.0,6.212606095751519
499.5,6.2136075980886085
500.0,6.214608098422191
500.5,6.215607598755275
501.0,6.2166061010848646
501.5,6.2176036074019905
502.0,6.218600119691729
502.5,6.219595639933231
503.0,6.220590170099739
503.5,6.221583712158617
504.0,6.222576268071369
504.5,6.223567839793664
505.0,6.22455842927536
505.5,6.225548038460526
506.0,6.226536669287466
506.5,6.227524323688738
507.0,6.2285110035911835
507.5,6.229496710915942
508.0,6.230481447578482
508.5,6.2314652154886145
509.0,6.2324480165505225
509.5,6.23342985266278
510.0,6.234410725718371
510.5,6.23539063760472
511.0,6.236369590203704
511.5,6.2373475853916815
512.0,6.238324625039508
512.5,6.239300711012564
513.0,6.240275845170769
513.5,6.241250029368613
514.0,6.2422232654551655
514.5,6.243195555274104
515.0,6.244166900663736
515.5,6.245137303457015
516.0,6.246106765481563
516.5,6.247075288559693
517.0,6.248042874508429
517.5,6.249009525139524
518.0,6.249975242259483
518.5,6.250940027669582
519.0,6.251903883165888
519.5,6.252866810539282
520.0,6.253828811575473
520.5,6.254789888055024
521.0,6.255750041753367
521.5,6.256709274440827
522.0,6.257667587882639
522.5,6.258624983838966
523.0,6.259581464064923
523.5,6.260537030310592
524.0,6.261491684321042
524.5,6.262445427836352
525.0,6.263398262591624
525.5,6.264350190317006
526.0,6.26530121273771
526.5,6.26625133157403
527.0,6.267200548541362
527.5,6.268148865350222
528.0,6.269096283706261
528.5,6.270042805310292
529.0,6.270988431858299
529.5,6.271933165041461
530.0,6.272877006546167
530.5,6.2738199580540375
531.0,6.274762021241939
531.5,6.275703197782002
532.0,6.2766434893416445
532.5,6.277582897583581
533.0,6.278521424165844
533.5,6.279459070741808
534.0,6.280395838960195
534.5,6.2813317304651
535.0,6.282266746896006
535.5,6.283200889887803
536.0,6.284134161070802
536.5,6.285066562070753
537.0,6.285998094508865
537.5,6.2869287600018176
538.0,6.2878585601617845
538.5,6.288787496596443
539.0,6.289715570908998
539.5,6.290642784698189
540.0,6.29156913955832
540.5,6.292494637079263
541.0,6.293419278846481
541.5,6.294343066441045
542.0,6.295266001439646
542.5,6.296188085414615
543.0,6.297109319933935
543.5,6.298029706561264
544.0,6.298949246855942
544.5,6.299867942373015
545.0,6.300785794663244
545.5,6.301702805273125
546.0,6.302618975744905
546.5,6.3035343076165935
547.0,6.304448802421981
547.5,6.305362461690656
548.0,6.306275286948016
548.5,6.307187279715285
549.0,6.3080984415095305
549.5,6.309008773843676
550.0,6.309918278226516
550.5,6.310826956162734
551.0,6.311734809152915
551.5,6.312641838693557
552.0,6.313548046277095
552.5,6.314453433391908
553.0,6.315358001522335
553.5,6.316261752148692
554.0,6.317164686747284
554.5,6.318066806790422
555.0,6.318968113746434
555.5,6.319868609079685
556.0,6.320768294250582
556.5,6.3216671707156
557.0,6.322565239927284
557.5,6.323462503334274
558.0,6.324358962381311
558.5,6.3252546185092555
559.0,6.326149473155099
559.5,6.32704352775198
560.0,6.327936783729195
560.5,6.328829242512215
561.0,6.329720905522696
561.5,6.3306117741784975
562.0,6.331501849893691
562.5,6.332391134078575
563.0,6.333279628139691
563.5,6.334167333479831
564.0,6.335054251498059
564.5,6.335940383589716
565.0,6.336825731146441
565.5,6.3377102955561755
566.0,6.338594078203183
566.5,6.339477080468061
567.0,6.340359303727752
567.5,6.341240749355558
568.0,6.342121418721152
568.5,6.343001313190591
569.0,6.343880434126331
569.5,6.3447587828872365
570.0,6.345636360828596
570.5,6.34651316930213
571.0,6.3473892096560105
571.5,6.348264483234865
572.0,6.349138991379798
572.5,6.350012735428395
573.0,6.35088571671474
573.5,6.351757936569426
574.0,6.352629396319567
574.5,6.35350009728881
575.0,6.354370040797351
575.5,6.355239228161937
576.0,6.3561076606958915
576.5,6.3569753397091135
577.0,6.3578422665081
577.5,6.358708442395948
578.0,6.359573868672378
578.5,6.360438546633731
579.0,6.361302477572996
579.5,6.362165662779806
580.0,6.363028103540465
580.5,6.3638898011379466
581.0,6.364750756851911
581.5,6.365610971958719
582.0,6.366470447731438
582.5,6.367329185439855
583.0,6.368187186350492
583.5,6.3690444517266105
584.0,6.369900982828227
584.5,6.3707567809121235
585.0,6.371611847231857
585.5,6.372466183037772
586.0,6.373319789577012
586.5,6.3741726680935304
587.0,6.375024819828097
587.5,6.375876246018314
588.0,6.376726947898627
588.5,6.377576926700331
589.0,6.3784261836515865
589.5,6.379274719977426
590.0,6.380122536899765
590.5,6.380969635637417
591.0,6.3818160174060985
591.5,6.3826616834184415
592.0,6.3835066348840055
592.5,6.384350873009287
593.0,6.385194398997726
593.5,6.386037214049723
594.0,6.386879319362645
594.5,6.387720716130836
595.0,6.38856140554563
595.5,6.3894013887953545
596.0,6.39024066706535
596.5,6.3910792415379705
597.0,6.391917113392602
597.5,6.392754283805666
598.0,6.393590753950631
598.5,6.394426524998027
599.0,6.395261598115449
599.5,6.396095974467569
600.0,6.396929655216146
600.5,6.397762641520038
601.0,6.398594934535208
601.5,6.399426535414734
602.0,6.400257445308821
602.5,6.40108766536481
603.0,6.401917196727186
603.5,6.402746040537586
604.0,6.403574197934815
604.5,6.404401670054847
605.0,6.405228458030842
605.5,6.406054562993147
606.0,6.406879986069314
606.5,6.407704728384105
607.0,6.408528791059498
607.5,6.409352175214703
608.0,6.410174881966167
608.5,6.410996912427582
609.0,6.411818267709897
609.5,6.412638948921326
610.0,6.413458957167357
610.5,6.414278293550759
611.0,6.415096959171596
611.5,6.415914955127227
612.0,6.416732282512326
612.5,6.417548942418882
613.0,6.418364935936212
613.5,6.419180264150966
614.0,6.419994928147142
614.5,6.42080892900609
615.0,6.421622267806518
615.5,6.4224349456245085
616.0,6.423246963533519
616.5,6.424058322604399
617.0,6.424869023905388
617.5,6.4256790685021326
618.0,6.42648845745769
618.5,6.427297191832543
619.0,6.428105272684596
619.5,6.428912701069197
620.0,6.429719478039138
620.5,6.430525604644662
621.0,6.431331081933479
621.5,6.432135910950766
622.0,6.432940092739179
622.5,6.4337436283388625
623.0,6.434546518787453
623.5,6.435348765120091
624.0,6.436150368369428
624.5,6.436951329565632
625.0,6.437751649736401
625.5,6.438551329906966
626.0,6.439350371100098
626.5,6.440148774336123
627.0,6.440946540632921
627.5,6.441743671005939
628.0,6.4425401664681985
628.5,6.443336028030302
629.0,6.444131256700441
629.5,6.444925853484402
630.0,6.4457198193855785
630.5,6.446513155404975
631.0,6.447305862541213
631.5,6.448097941790546
632.0,6.448889394146858
632.5,6.4496802206016755
633.0,6.450470422144176
633.5,6.451259999761194
634.0,6.452048954437226
634.5,6.452837287154442
635.0,6.453624998892692
635.5,6.454412090629509
636.0,6.455198563340122
636.5,6.4559844179974615
637.0,6.456769655572163
637.5,6.457554277032581
638.0,6.45833828334479
638.5,6.459121675472594
639.0,6.459904454377535
639.5,6.460686621018898
640.0,6.461468176353717
640.5,6.4622491213367885
641.0,6.46302945692067
641.5,6.463809184055691
642.0,6.464588303689961
642.5,6.465366816769375
643.0,6.466144724237619
643.5,6.466922027036182
644.0,6.467698726104354
644.5,6.468474822379242
645.0,6.4692503167957724
645.5,6.470025210286697
646.0,6.470799503782602
646.5,6.471573198211912
647.0,6.472346294500901
647.5,6.4731187935736925
648.0,6.473890696352274
648.5,6.474662003756499
649.0,6.47543271670409
649.5,6.476202836110654
650.0,6.476972362889683
650.5,6.47774129795256
651.0,6.478509642208569
651.5,6.4792773965649
652.0,6.480044561926653
652.5,6.480811139196849
653.0,6.481577129276431
653.5,6.482342533064276
654.0,6.483107351457199
654.5,6.483871585349955
655.0,6.484635235635252
655.5,6.4853983032037545
656.0,6.486160788944089
656.5,6.486922693742851
657.0,6.48768401848461
657.5,6.48844476405192
658.0,6.489204931325317
658.5,6.489964521183336
659.0,6.490723534502507
659.5,6.491481972157369
660.0,6.492239835020471
660.5,6.49299712396238
661.0,6.493753839851686
661.5,6.494509983555011
662.0,6.495265555937008
662.5,6.496020557860377
663.0,6.4967749901858625
663.5,6.497528853772263
664.0,6.498282149476434
664.5,6.4990348781533
665.0,6.499787040655854
665.5,6.500538637835167
666.0,6.501289670540389
666.5,6.502040139618764
667.0,6.502790045915623
667.5,6.503539390274405
668.0,6.504288173536645
668.5,6.505036396541998
669.0,6.505784060128229
669.5,6.506531165131227
670.0,6.507277712385012
670.5,6.508023702721733
671.0,6.508769136971682
671.5,6.509514015963292
672.0,6.51025834052315
672.5,6.511002111475994
673.0,6.511745329644728
673.5,6.512487995850418
674.0,6.513230110912307
674.5,6.51397167564781
675.0,6.51471269087253
675.5,6.515453157400254
676.0,6.516193076042964
676.5,6.516932447610842
677.0,6.517671272912275
677.5,6.518409552753856
678.0,6.519147287940395
678.5,6.519884479274924
679.0,6.520621127558696
679.5,6.521357233591198
680.0,6.522092798170152
680.5,6.522827822091521
681.0,6.523562306149512
681.5,6.524296251136588
682.0,6.525029657843462
682.5,6.525762527059115
683.0,6.52649485957079
683.5,6.527226656164005
684.0,6.52795791762255
684.5,6.528688644728503
685.0,6.529418838262226
685.5,6.530148499002369
686.0,6.530877627725885
686.5,6.531606225208026
687.0,6.532334292222349
687.5,6.533061829540727
688.0,6.5337888379333435
688.5,6.53451531816871
689.0,6.535241271013659
689.5,6.5359666972333565
690.0,6.536691597591305
690.5,6.537415972849347
691.0,6.53813982376767
691.5,6.538863151104813
692.0,6.539585955617669
692.5,6.540308238061494
693.0,6.541029999189903
693.5,6.541751239754887
694.0,6.542471960506805
694.5,6.543192162194399
695.0,6.543911845564792
695.5,6.544631011363498
696.0,6.54534966033442
696.5,6.54606779321986
697.0,6.546785410760524
697.5,6.5475025136955205
698.0,6.548219102762372
698.5,6.5489351786970165
699.0,6.54965074223381
699.5,6.550365794105536
700.0,6.551080335043404
700.5,6.551794365777062
701.0,6.55250788703459
701.5,6.553220899542516
702.0,6.553933404025811
702.5,6.5546454012079005
703.0,6.555356891810665
703.5,6.556067876554444
704.0,6.556778356158042
704.5,6.557488331338735
705.0,6.558197802812269
705.5,6.558906771292869
706.0,6.559615237493242
706.5,6.560323202124582
707.0,6.561030665896573
707.5,6.561737629517393
708.0,6.56244409369372
708.5,6.563150059130735
709.0,6.5638555265321274
709.5,6.564560496600097
710.0,6.565264970035361
710.5,6.565968947537155
711.0,6.566672429803241
711.5,6.567375417529907
712.0,6.568077911411976
712.5,6.568779912142806
713.0,6.569481420414296
713.5,6.570182436916891
714.0,6.570882962339584
714.5,6.571582997369922
715.0,6.5722825426940075
715.5,6.572981598996505
716.0,6.573680166960646
716.5,6.574378247268227
717.0,6.57507584059962
717.5,6.5757729476337765
718.0,6.576469569048224
718.5,6.5771657055190795
719.0,6.577861357721047
719.5,6.578556526327422
720.0,6.579251212010101
720.5,6.5799454154395765
721.0,6.580639137284949
721.5,6.581332378213926
722.0,6.582025138892826
722.5,6.582717419986587
723.0,6.583409222158765
723.5,6.5841005460715385
724.0,6.584791392385716
724.5,6.585481761760737
725.0,6.586171654854675
725.5,6.5868610723242424
726.0,6.587550014824796
726.5,6.588238483010338
727.0,6.588926477533519
727.5,6.589613999045648
728.0,6.590301048196686
728.5,6.590987625635259
729.0,6.591673732008658
729.5,6.592359367962841
730.0,6.593044534142437
730.5,6.593729231190754
731.0,6.594413459749778
731.5,6.595097220460179
732.0,6.595780513961311
732.5,6.596463340891223
733.0,6.597145701886651
733.5,6.597827597583036
734.0,6.598509028614515
734.5,6.599189995613932
735.0,6.5998704992128365
735.5,6.6005505400414926
736.0,6.601230118728877
736.5,6.601909235902685
737.0,6.602587892189336
737.5,6.603266088213975
738.0,6.6039438246004725
738.5,6.604621101971435
739.0,6.6052979209482015
739.5,6.6059742821508545
740.0,6.606650186198215
740.5,6.607325633707854
741.0,6.608000625296087
741.5,6.608675161577986
742.0,6.60934924316738
742.5,6.610022870676855
743.0,6.610696044717759
743.5,6.61136876590021
744.0,6.612041034833092
744.5,6.612712852124064
745.0,6.61338421837956
745.5,6.6140551342047935
746.0,6.61472560020376
746.5,6.615395616979245
747.0,6.616065185132817
747.5,6.616734305264841
748.0,6.617402977974478
748.5,6.618071203859683
749.0,6.618738983517219
749.5,6.619406317542652
750.0,6.620073206530356
750.5,6.620739651073516
751.0,6.621405651764134
751.5,6.622071209193029
752.0,6.62273632394984
752.5,6.6234009966230305
753.0,6.6240652277998935
753.5,6.62472901806655
754.0,6.625392368007956
754.5,6.626055278207904
755.0,6.626717749249025
755.5,6.627379781712794
756.0,6.628041376179533
756.5,6.62870253322841
757.0,6.6293632534374485
757.5,6.630023537383524
758.0,6.630683385642372
758.5,6.631342798788587
759.0,6.63200177739563
759.5,6.632660322035828
760.0,6.633318433280377
760.5,6.633976111699347
761.0,6.634633357861686
761.5,6.635290172335217
762.0,6.635946555686647
762.5,6.636602508481567
763.0,6.637258031284457
763.5,6.637913124658687
764.0,6.638567789166521
764.5,6.639222025369117
765.0,6.639875833826536
765.5,6.640529215097739
766.0,6.641182169740591
766.5,6.641834698311869
767.0,6.642486801367256
767.5,6.643138479461352
768.0,6.643789733147672
768.5,6.644440562978651
769.0,6.645090969505644
769.5,6.645740953278934
770.0,6.646390514847729
770.5,6.64703965476017
771.0,6.647688373563329
771.5,6.648336671803215
772.0,6.648984550024776
772.5,6.649632008771901
773.0,6.650279048587422
773.5,6.6509256700131205
774.0,6.651571873589727
774.5,6.652217659856923
775.0,6.652863029353347
775.5,6.653507982616594
776.0,6.654152520183219
776.5,6.6547966425887415
777.0,6.655440350367647
777.5,6.656083644053389
778.0,6.656726524178391
778.5,6.657368991274053
779.0,6.658011045870748
779.5,6.658652688497831
780.0,6.659293919683638
780.5,6.659934739955487
781.0,6.660575149839686
781.5,6.6612151498615315
782.0,6.661854740545311
782.5,6.662493922414308
783.0,6.663132695990803
783.5,6.6637710617960755
784.0,6.664409020350408
784.5,6.665046572173087
785.0,6.665683717782408
785.5,6.666320457695676
786.0,6.666956792429207
786.5,6.667592722498332
787.0,6.668228248417403
787.5,6.668863370699788
788.0,6.669498089857879
788.5,6.670132406403093
789.0,6.670766320845874
789.5,6.671399833695697
790.0,6.672032945461067
790.5,6.672665656649527
791.0,6.673297967767654
791.5,6.673929879321067
792.0,6.674561391814426
792.5,6.675192505751435
793.0,6.675823221634848
793.5,6.676453539966464
794.0,6.677083461247136
794.5,6.677712985976771
795.0,6.678342114654332
795.5,6.678970847777841
796.0,6.679599185844383
796.5,6.680227129350103
797.0,6.680854678790215
797.5,6.6814818346589995
798.0,6.682108597449809
798.5,6.682734967655067
799.0,6.683360945766275
799.5,6.683986532274009
800.0,6.684611727667927
800.5,6.685236532436769
801.0,6.68586094706836
801.5,6.686484972049608
802.0,6.687108607866515
802.5,6.687731855004171
803.0,6.688354713946762
803.5,6.688977185177567
804.0,6.6895992691789665
804.5,6.690220966432438
805.0,6.690842277418564
805.5,6.691463202617029
806.0,6.692083742506628
806.5,6.692703897565264
807.0,6.693323668269949
807.5,6.6939430550968115
808.0,6.694562058521095
808.5,6.695180679017161
809.0,6.695798917058491
809.5,6.69641677311769
810.0,6.697034247666484
810.5,6.697651341175731
811.0,6.698268054115413
811.5,6.698884386954646
812.0,6.699500340161678
812.5,6.700115914203892
813.0,6.70073110954781
813.5,6.7013459266590925
814.0,6.70196036600254
814.5,6.7025744280421
815.0,6.703188113240863
815.5,6.703801422061068
816.0,6.704414354964107
816.5,6.70502691241052
817.0,6.705639094860003
817.5,6.706250902771409
818.0,6.706862336602747
818.5,6.7074733968111895
819.0,6.70808408385307
819.5,6.7086943981838845
820.0,6.709304340258298
820.5,6.709913910530146
821.0,6.710523109452428
821.5,6.711131937477322
822.0,6.71174039505618
822.5,6.712348482639527
823.0,6.71295620067707
823.5,6.713563549617695
824.0,6.714170529909472
824.5,6.714777141999654
825.0,6.715383386334681
825.5,6.715989263360183
826.0,6.716594773520978
826.5,6.717199917261079
827.0,6.717804695023691
827.5,6.718409107251218
828.0,6.71901315438526
828.5,6.719616836866618
829.0,6.720220155135295
829.5,6.7208231096305
830.0,6.721425700790643
830.5,6.72202792905335
831.0,6.7226297948554485
831.5,6.7232312986329825
832.0,6.723832440821209
832.5,6.724433221854599
833.0,6.725033642166843
833.5,6.725633702190849
834.0,6.726233402358747
834.5,6.72683274310189
835.0,6.727431724850855
835.5,6.728030348035448
836.0,6.728628613084702
836.5,6.729226520426879
837.0,6.729824070489475
837.5,6.730421263699221
838.0,6.731018100482083
838.5,6.731614581263264
839.0,6.732210706467206
839.5,6.732806476517595
840.0,6.733401891837359
840.5,6.7339969528486705
841.0,6.734591659972948
841.5,6.735186013630861
842.0,6.7357800142423265
842.5,6.736373662226517
843.0,6.736966958001855
843.5,6.737559901986023
844.0,6.738152494595957
844.5,6.738744736247855
845.0,6.739336627357174
845.5,6.739928168338635
846.0,6.740519359606223
846.5,6.74111020157319
847.0,6.741700694652055
847.5,6.742290839254605
848.0,6.742880635791903
848.5,6.743470084674281
849.0,6.744059186311348
849.5,6.744647941111987
850.0,6.745236349484363
850.5,6.745824411835916
851.0,6.7464121285733745
851.5,6.746999500102743
852.0,6.747586526829315
852.5,6.748173209157672
853.0,6.748759547491679
853.5,6.7493455422344955
854.0,6.74993119378857
854.5,6.750516502555645
855.0,6.75110146893676
855.5,6.751686093332248
856.0,6.752270376141742
856.5,6.752854317764174
857.0,6.75343791859778
857.5,6.754021179040095
858.0,6.754604099487962
858.5,6.7551866803375304
859.0,6.755768921984255
859.5,6.756350824822904
860.0,6.756932389247553
860.5,6.757513615651594
861.0,6.7580945044277305
861.5,6.758675055967984
862.0,6.759255270663693
862.5,6.759835148905514
863.0,6.760414691083428
863.5,6.760993897586733
864.0,6.761572768804055
864.5,6.7621513051233455
865.0,6.762729506931879
865.5,6.7633073746162635
866.0,6.763884908562435
866.5,6.7644621091556605
867.0,6.7650389767805414
867.5,6.765615511821014
868.0,6.7661917146603505
868.5,6.766767585681159
869.0,6.767343125265392
869.5,6.767918333794338
870.0,6.76849321164863
870.5,6.7690677592082436
871.0,6.769641976852503
871.5,6.770215864960075
872.0,6.77078942390898
872.5,6.771362654076582
873.0,6.771935555839602
873.5,6.772508129574112
874.0,6.773080375655535
874.5,6.773652294458657
875.0,6.774223886357614
875.5,6.774795151725907
876.0,6.775366090936392
876.5,6.775936704361289
877.0,6.776506992372183
877.5,6.7770769553400205
878.0,6.777646593635117
878.5,6.7782159076271515
879.0,6.778784897685177
879.5,6.779353564177613
880.0,6.779921907472252
880.5,6.7804899279362605
881.0,6.78105762593618
881.5,6.7816250018379245
882.0,6.782192056006791
882.5,6.782758788807452
883.0,6.78332520060396
883.5,6.783891291759751
884.0,6.784457062637643
884.5,6.78502251359984
885.0,6.785587645007929
885.5,6.786152457222888
886.0,6.786716950605081
886.5,6.787281125514262
887.0,6.787844982309579
887.5,6.788408521349571
888.0,6.78897174299217
888.5,6.789534647594706
889.0,6.790097235513905
889.5,6.7906595071058895
890.0,6.7912214627261855
890.5,6.791783102729716
891.0,6.792344427470809
891.5,6.792905437303195
892.0,6.79346613258001
892.5,6.794026513653794
893.0,6.794586580876499
893.5,6.795146334599483
894.0,6.795705775173514
894.5,6.796264902948774
895.0,6.796823718274855
895.5,6.797382221500767
896.0,6.79794041297493
896.5,6.798498293045188
897.0,6.799055862058796
897.5,6.799613120362434
898.0,6.8001700683022
898.5,6.800726706223614
899.0,6.80128303447162
899.5,6.801839053390588
900.0,6.802394763324311
900.5,6.802950164616011
901.0,6.803505257608338
901.5,6.804060042643372
902.0,6.804614520062624
902.5,6.805168690207036
903.0,6.805722553416985
903.5,6.806276110032283
904.0,6.806829360392176
904.5,6.8073823048353495
905.0,6.807934943699926
905.5,6.808487277323468
906.0,6.80903930604298
906.5,6.809591030194905
907.0,6.810142450115136
907.5,6.810693566139006
908.0,6.811244378601294
908.5,6.811794887836226
909.0,6.812345094177479
909.5,6.8128949979581765
910.0,6.813444599510896
910.5,6.813993899167663
911.0,6.814542897259958
911.5,6.815091594118718
912.0,6.815639990074331
912.5,6.816188085456647
913.0,6.816735880594968
913.5,6.817283375818062
914.0,6.81783057145415
914.5,6.818377467830921
915.0,6.818924065275521
915.5,6.819470364114565
916.0,6.82001636467413
916.5,6.820562067279759
917.0,6.821107472256465
917.5,6.821652579928726
918.0,6.822197390620491
918.5,6.822741904655181
919.0,6.823286122355687
919.5,6.823830044044376
920.0,6.824373670043086
920.5,6.824917000673133
921.0,6.825460036255307
921.5,6.826002777109878
922.0,6.826545223556594
922.5,6.827087375914682
923.0,6.827629234502852
923.5,6.828170799639294
924.0,6.828712071641684
924.5,6.829253050827179
925.0,6.829793737512425
925.5,6.830334132013552
926.0,6.8308742346461795
926.5,6.831414045725414
927.0,6.831953565565855
927.5,6.83249279448159
928.0,6.833031732786201
928.5,6.833570380792761
929.0,6.834108738813838
929.5,6.834646807161499
930.0,6.835184586147301
930.5,6.835722076082305
931.0,6.836259277277067
931.5,6.836796190041643
932.0,6.837332814685591
932.5,6.837869151517971
933.0,6.838405200847344
933.5,6.838940962981777
934.0,6.839476438228843
934.5,6.840011626895618
935.0,6.840546529288687
935.5,6.841081145714145
936.0,6.841615476477592
936.5,6.842149521884143
937.0,6.842683282238422
937.5,6.843216757844566
938.0,6.843749949006225
938.5,6.844282856026563
939.0,6.844815479208263
939.5,6.84534781885352
940.0,6.84587987526405
940.5,6.846411648741085
941.0,6.846943139585379
941.5,6.847474348097207
942.0,6.848005274576363
942.5,6.848535919322166
943.0,6.849066282633458
943.5,6.849596364808605
944.0,6.8501261661455
944.5,6.850655686941565
945.0,6.851184927493743
945.5,6.851713888098512
946.0,6.852242569051878
946.5,6.852770970649377
947.0,6.853299093186078
947.5,6.853826936956581
948.0,6.854354502255021
948.5,6.854881789375069
949.0,6.855408798609928
949.5,6.85593553025234
950.0,6.856461984594587
950.5,6.856988161928484
951.0,6.85751406254539
951.5,6.858039686736205
952.0,6.858565034791365
952.5,6.859090107000856
953.0,6.859614903654202
953.5,6.860139425040474
954.0,6.860663671448287
954.5,6.8611876431658025
955.0,6.86171134048073
955.5,6.862234763680328
956.0,6.862757913051401
956.5,6.863280788880307
957.0,6.863803391452954
957.5,6.864325721054801
958.0,6.86484777797086
958.5,6.865369562485699
959.0,6.8658910748834385
959.5,6.8664123154477545
960.0,6.866933284461882
960.5,6.867453982208612
961.0,6.8679744089702925
961.5,6.8684945650288345
962.0,6.8690144506657065
962.5,6.869534066161939
963.0,6.870053411798126
963.5,6.870572487854421
964.0,6.871091294610546
964.5,6.871609832345784
965.0,6.872128101338986
965.5,6.872646101868569
966.0,6.873163834212518
966.5,6.8736812986483855
967.0,6.874198495453294
967.5,6.874715424903937
968.0,6.875232087276577
968.5,6.875748482847051
969.0,6.876264611890766
969.5,6.876780474682707
970.0,6.877296071497429
970.5,6.877811402609065
971.0,6.878326468291325
971.5,6.878841268817495
972.0,6.879355804460439
972.5,6.879870075492601
973.0,6.880384082186005
973.5,6.880897824812254
974.0,6.881411303642535
974.5,6.881924518947615
975.0,6.882437470997847
975.5,6.8829501600631655
976.0,6.883462586413092
976.5,6.8839747503167334
977.0,6.884486652042782
977.5,6.884998291859521
978.0,6.885509670034818
978.5,6.886020786836131
979.0,6.88653164253051
979.5,6.887042237384596
980.0,6.887552571664617
980.5,6.888062645636401
981.0,6.8885724595653635
981.5,6.889082013716516
982.0,6.889591308354466
982.5,6.890100343743416
983.0,6.890609120147166
983.5,6.8911176378291135
984.0,6.891625897052253
984.5,6.89213389807918
985.0,6.892641641172089
985.5,6.893149126592775
986.0,6.893656354602635
986.5,6.89416332546267
987.0,6.894670039433482
987.5,6.895176496775277
988.0,6.895682697747868
988.5,6.896188642610672
989.0,6.8966943316227125
989.5,6.89719976504262
990.0,6.897704943128636
990.5,6.898209866138606
991.0,6.898714534329988
991.5,6.8992189479598505
992.0,6.899723107284872
992.5,6.900227012561346
993.0,6.900730664045173
993.5,6.901234061991872
994.0,6.901737206656574
994.5,6.902240098294027
995.0,6.902742737158593
995.5,6.903245123504251
996.0,6.903747257584598
996.5,6.904249139652849
997.0,6.904750769961838
997.5,6.905252148764019
998.0,6.905753276311464
998.5,6.90625415285587
999.0,6.906754778648554
999.5,6.907255153940455
1000.0,6.907755278982137
