X,Raiz Quadrada
1.0,1.0
1.5,1.224744871391589
2.0,1.4142135623730951
2.5,1.5811388300841898
3.0,1.7320508075688772
3.5,1.8708286933869707
4.0,2.0
4.5,2.1213203435596424
5.0,2.23606797749979
5.5,2.345207879911715
6.0,2.449489742783178
6.5,2.5495097567963922
7.0,2.6457513110645907
7.5,2.7386127875258306
8.0,2.8284271247461903
8.5,2.9154759474226504
9.0,3.0
9.5,3.082207001484488
10.0,3.1622776601683795
10.5,3.24037034920393
11.0,3.3166247903554
11.5,3.391164991562634
12.0,3.4641016151377544
12.5,3.5355339059327378
13.0,3.605551275463989
13.5,3.6742346141747673
14.0,3.7416573867739413
14.5,3.8078865529319543
15.0,3.872983346207417
15.5,3.9370039370059056
16.0,4.0
16.5,4.06201920231798
17.0,4.123105625617661
17.5,4.183300132670378
18.0,4.242640687119285
18.5,4.301162633521313
19.0,4.358898943540674
19.5,4.415880433163924
20.0,4.47213595499958
20.5,4.527692569068709
21.0,4.58257569495584
21.5,4.636809247747852
22.0,4.69041575982343
22.5,4.743416490252569
23.0,4.795831523312719
23.5,4.847679857416329
24.0,4.898979485566356
24.5,4.949747468305833
25.0,5.0
25.5,5.049752469181039
26.0,5.0990195135927845
26.5,5.1478150704935
27.0,5.196152422706632
27.5,5.244044240850758
28.0,5.291502622129181
28.5,5.338539126015656
29.0,5.385164807134504
29.5,5.431390245600108
30.0,5.477225575051661
30.5,5.522680508593631
31.0,5.5677643628300215
31.5,5.612486080160912
32.0,5.656854249492381
32.5,5.70087712549569
33.0,5.744562646538029
33.5,5.787918451395113
34.0,5.830951894845301
34.5,5.873670062235365
35.0,5.916079783099616
35.5,5.958187643906492
36.0,6.0
36.5,6.041522986797286
37.0,6.082762530298219
37.5,6.123724356957945
38.0,6.164414002968976
38.5,6.2048368229954285
39.0,6.244997998398398
39.5,6.284902544988268
40.0,6.324555320336759
40.5,6.363961030678928
41.0,6.4031242374328485
41.5,6.442049363362563
42.0,6.48074069840786
42.5,6.519202405202649
43.0,6.557438524302
43.5,6.59545297913646
44.0,6.6332495807108
44.5,6.670832032063167
45.0,6.708203932499369
45.5,6.745368781616021
46.0,6.782329983125268
46.5,6.819090848492928
47.0,6.855654600401044
47.5,6.892024376045111
48.0,6.928203230275509
48.5,6.96419413859206
49.0,7.0
49.5,7.035623639735144
50.0,7.0710678118654755
50.5,7.106335201775948
51.0,7.14142842854285
51.5,7.176350047203662
52.0,7.211102550927978
52.5,7.245688373094719
53.0,7.280109889280518
53.5,7.314369419163897
54.0,7.3484692283495345
54.5,7.3824115301167
55.0,7.416198487095663
55.5,7.44983221287567
56.0,7.483314773547883
56.5,7.516648189186454
57.0,7.54983443527075
57.5,7.582875444051551
58.0,7.615773105863909
58.5,7.648529270389178
59.0,7.681145747868608
59.5,7.713624310270756
60.0,7.745966692414834
60.5,7.7781745930520225
61.0,7.810249675906654
61.5,7.842193570679061
62.0,7.874007874011811
62.5,7.905694150420948
63.0,7.937253933193772
63.5,7.968688725254614
64.0,8.0
64.5,8.031189202104505
65.0,8.06225774829855
65.5,8.093207028119323
66.0,8.12403840463596
66.5,8.154753215150045
67.0,8.18535277187245
67.5,8.215838362577491
68.0,8.246211251235321
68.5,8.276472678623424
69.0,8.306623862918075
69.5,8.336666000266533
70.0,8.366600265340756
70.5,8.396427811873332
71.0,8.426149773176359
71.5,8.455767262643882
72.0,8.48528137423857
72.5,8.514693182963201
73.0,8.54400374531753
73.5,8.573214099741124
74.0,8.602325267042627
74.5,8.631338250816034
75.0,8.660254037844387
75.5,8.689073598491383
76.0,8.717797887081348
76.5,8.74642784226795
77.0,8.774964387392123
77.5,8.803408430829505
78.0,8.831760866327848
78.5,8.860022573334675
79.0,8.888194417315589
79.5,8.916277250063503
80.0,8.94427190999916
80.5,8.972179222463181
81.0,9.0
81.5,9.027735042633894
82.0,9.055385138137417
82.5,9.082951062292475
83.0,9.1104335791443
83.5,9.137833441248533
84.0,9.16515138991168
84.5,9.192388155425117
85.0,9.219544457292887
85.5,9.246621004453464
86.0,9.273618495495704
86.5,9.300537618869138
87.0,9.327379053088816
87.5,9.354143466934854
88.0,9.38083151964686
88.5,9.40744386111339
89.0,9.433981132056603
89.5,9.460443964212251
90.0,9.486832980505138
90.5,9.513148795220223
91.0,9.539392014169456
91.5,9.565563234854496
92.0,9.591663046625438
92.5,9.617692030835672
93.0,9.643650760992955
93.5,9.669539802906858
94.0,9.695359714832659
94.5,9.72111104761179
95.0,9.746794344808963
95.5,9.772410142846033
96.0,9.797958971132712
96.5,9.82344135219425
97.0,9.848857801796104
97.5,9.874208829065749
98.0,9.899494936611665
98.5,9.924716620639604
99.0,9.9498743710662
99.5,9.974968671630002
100.0,10.0
100.5,10.024968827881711
101.0,10.04987562112089
101.5,10.074720839804943
102.0,10.099504938362077
102.5,10.124228365658293
103.0,10.14889156509222
103.5,10.173494974687902
104.0,10.198039027185569
104.5,10.222524150130436
105.0,10.246950765959598
105.5,10.27131929208707
106.0,10.295630140987
106.5,10.319883720275147
107.0,10.344080432788601
107.5,10.36822067666386
108.0,10.392304845413264
108.5,10.41633332799983
109.0,10.44030650891055
109.5,10.464224768228174
110.0,10.488088481701515
110.5,10.51189802081432
111.0,10.535653752852738
111.5,10.559356040971437
112.0,10.583005244258363
112.5,10.606601717798213
113.0,10.63014581273465
113.5,10.653637876331258
114.0,10.677078252031311
114.5,10.700467279516348
115.0,10.723805294763608
115.5,10.747092630102339
116.0,10.770329614269007
116.5,10.793516572461451
117.0,10.816653826391969
117.5,10.8397416943394
118.0,10.862780491200215
118.5,10.88577052853862
119.0,10.908712114635714
119.5,10.931605554537724
120.0,10.954451150103322
120.5,10.977249200050075
121.0,11.0
121.5,11.022703842524301
122.0,11.045361017187261
122.5,11.067971810589327
123.0,11.090536506409418
123.5,11.113055385446435
124.0,11.135528725660043
124.5,11.157956802210698
125.0,11.180339887498949
125.5,11.20267825120404
126.0,11.224972160321824
126.5,11.247221879201993
127.0,11.269427669584644
127.5,11.291589790636214
128.0,11.313708498984761
128.5,11.335784048754634
129.0,11.357816691600547
129.5,11.379806676741042
130.0,11.40175425099138
130.5,11.423659658795863
131.0,11.445523142259598
131.5,11.467344941179714
132.0,11.489125293076057
132.5,11.510864433221338
133.0,11.532562594670797
133.5,11.554220008291344
134.0,11.575836902790225
134.5,11.597413504743201
135.0,11.61895003862225
135.5,11.640446726822816
136.0,11.661903789690601
136.5,11.683321445547923
137.0,11.704699910719626
137.5,11.726039399558575
138.0,11.74734012447073
138.5,11.76860229593982
139.0,11.789826122551595
139.5,11.811011811017716
140.0,11.832159566199232
140.5,11.853269591129697
141.0,11.874342087037917
141.5,11.895377253370318
142.0,11.916375287812984
142.5,11.937336386313323
143.0,11.958260743101398
143.5,11.979148550710939
144.0,12.0
144.5,12.020815280171307
145.0,12.041594578792296
145.5,12.062338081814818
146.0,12.083045973594572
146.5,12.103718436910205
147.0,12.12435565298214
147.5,12.144957801491119
148.0,12.165525060596439
148.5,12.186057606953941
149.0,12.206555615733702
149.5,12.227019260637483
150.0,12.24744871391589
150.5,12.267844146385297
151.0,12.288205727444508
151.5,12.30853362509117
152.0,12.328828005937952
152.5,12.349089035228468
153.0,12.36931687685298
153.5,12.389511693363866
154.0,12.409673645990857
154.5,12.429802894656053
155.0,12.449899597988733
155.5,12.469963913339926
156.0,12.489995996796797
156.5,12.509996003196804
157.0,12.529964086141668
157.5,12.549900398011133
158.0,12.569805089976535
158.5,12.589678312014172
159.0,12.609520212918492
159.5,12.62933094031509
160.0,12.649110640673518
160.5,12.668859459319927
161.0,12.68857754044952
161.5,12.708265027138834
162.0,12.727922061357855
162.5,12.747548783981962
163.0,12.767145334803704
163.5,12.786711852544421
164.0,12.806248474865697
164.5,12.82575533838066
165.0,12.84523257866513
165.5,12.864680330268607
166.0,12.884098726725126
166.5,12.90348790056394
167.0,12.922847983320086
167.5,12.942179105544785
168.0,12.96148139681572
168.5,12.98075498574717
169.0,13.0
169.5,13.019216566291536
170.0,13.038404810405298
170.5,13.057564857200596
171.0,13.076696830622021
171.5,13.095800853708795
172.0,13.114877048604
172.5,13.133925536563698
173.0,13.152946437965905
173.5,13.171939872319491
174.0,13.19090595827292
174.5,13.209844813622906
175.0,13.228756555322953
175.5,13.24764129949177
176.0,13.2664991614216
176.5,13.285330255586423
177.0,13.30413469565007
177.5,13.322912594474229
178.0,13.341664064126334
178.5,13.360389215887388
179.0,13.379088160259652
179.5,13.397761006974262
180.0,13.416407864998739
180.5,13.435028842544403
181.0,13.45362404707371
181.5,13.47219358530748
182.0,13.490737563232042
182.5,13.509256086106296
183.0,13.527749258468683
183.5,13.546217184144066
184.0,13.564659966250536
184.5,13.583077707206124
185.0,13.601470508735444
185.5,13.619838471876236
186.0,13.638181696985855
186.5,13.656500283747663
187.0,13.674794331177344
187.5,13.693063937629153
188.0,13.711309200802088
188.5,13.729530217745982
189.0,13.74772708486752
189.5,13.765899897936205
190.0,13.784048752090222
190.5,13.80217374184226
191.0,13.820274961085254
191.5,13.838352503098047
192.0,13.856406460551018
192.5,13.874436925511608
193.0,13.892443989449804
193.5,13.910427743243556
194.0,13.92838827718412
194.5,13.946325680981353
195.0,13.96424004376894
195.5,13.982131454109563
196.0,14.0
196.5,14.017845768876187
197.0,14.035668847618199
197.5,14.053469322555197
198.0,14.071247279470288
198.5,14.089002803605371
199.0,14.106735979665885
199.5,14.124446891825535
200.0,14.142135623730951
200.5,14.159802258506296
201.0,14.177446878757825
201.5,14.19506956657839
202.0,14.212670403551895
202.5,14.230249470757707
203.0,14.247806848775006
203.5,14.265342617687105
204.0,14.2828568570857
204.5,14.300349646075091
205.0,14.317821063276353
205.5,14.33527118683145
206.0,14.352700094407323
206.5,14.370107863199914
207.0,14.38749456993816
207.5,14.404860290887934
208.0,14.422205101855956
208.5,14.439529078193651
209.0,14.45683229480096
209.5,14.474114826130128
210.0,14.491376746189438
210.5,14.508618128546908
211.0,14.52583904633395
211.5,14.543039572248986
212.0,14.560219778561036
212.5,14.577379737113251
213.0,14.594519519326424
213.5,14.611639196202457
214.0,14.628738838327793
214.5,14.64581851587681
215.0,14.66287829861518
215.5,14.679918255903198
216.0,14.696938456699069
216.5,14.713938969562161
217.0,14.730919862656235
217.5,14.747881203752625
218.0,14.7648230602334
218.5,14.781745499094482
219.0,14.798648586948742
219.5,14.815532390029054
220.0,14.832396974191326
220.5,14.849242404917497
221.0,14.866068747318506
221.5,14.882876066137216
222.0,14.89966442575134
222.5,14.916433890176299
223.0,14.933184523068078
223.5,14.949916387726054
224.0,14.966629547095765
224.5,14.983324063771697
225.0,15.0
225.5,15.016657417681207
226.0,15.033296378372908
226.5,15.049916943292411
227.0,15.066519173319364
227.5,15.083103128998356
228.0,15.0996688705415
228.5,15.116216457830975
229.0,15.132745950421556
229.5,15.149257407543116
230.0,15.165750888103101
230.5,15.182226450688976
231.0,15.198684153570664
231.5,15.215124054702938
232.0,15.231546211727817
232.5,15.247950681976906
233.0,15.264337522473747
233.5,15.280706789936126
234.0,15.297058540778355
234.5,15.313392831113555
235.0,15.329709716755891
235.5,15.346009253222807
236.0,15.362291495737216
236.5,15.378556499229699
237.0,15.394804318340652
237.5,15.411035007422441
238.0,15.427248620541512
238.5,15.443445211480501
239.0,15.459624833740307
239.5,15.47578754054216
240.0,15.491933384829668
240.5,15.508062419270823
241.0,15.524174696260024
241.5,15.540270267920054
242.0,15.556349186104045
242.5,15.572411502397436
243.0,15.588457268119896
243.5,15.604486534327235
244.0,15.620499351813308
244.5,15.636495771111889
245.0,15.652475842498529
245.5,15.668439615992398
246.0,15.684387141358123
246.5,15.700318468107582
247.0,15.716233645501712
247.5,15.732132722552274
248.0,15.748015748023622
248.5,15.763882770434446
249.0,15.7797338380595
249.5,15.795568998931314
250.0,15.811388300841896
250.5,15.827191791344413
251.0,15.84297951775486
251.5,15.858751527153705
252.0,15.874507866387544
252.5,15.890248582070704
253.0,15.905973720586866
253.5,15.921683328090658
254.0,15.937377450509228
254.5,15.953056133543816
255.0,15.968719422671311
255.5,15.98436736314578
256.0,16.0
256.5,16.015617378046965
257.0,16.0312195418814
257.5,16.046806535881213
258.0,16.06237840420901
258.5,16.077935190813527
259.0,16.09347693943108
259.5,16.109003693587013
260.0,16.1245154965971
260.5,16.140012391568973
261.0,16.15549442140351
261.5,16.170961628796228
262.0,16.186414056238647
262.5,16.20185174601965
263.0,16.217274740226856
263.5,16.232683080747925
264.0,16.24807680927192
264.5,16.263455967290593
265.0,16.278820596099706
265.5,16.294170736800325
266.0,16.30950643030009
266.5,16.32482771731451
267.0,16.34013463836819
267.5,16.355427233796124
268.0,16.3707055437449
268.5,16.38596960817394
269.0,16.401219466856727
269.5,16.416455159382004
270.0,16.431676725154983
270.5,16.446884203398525
271.0,16.46207763315433
271.5,16.47725705328408
272.0,16.492422502470642
272.5,16.507574019219177
273.0,16.522711641858304
273.5,16.537835408541227
274.0,16.55294535724685
274.5,16.56804152578089
275.0,16.583123951777
275.5,16.59819267269783
276.0,16.61324772583615
276.5,16.62828914831589
277.0,16.64331697709324
277.5,16.658331248957683
278.0,16.673332000533065
278.5,16.688319268278637
279.0,16.703293088490067
279.5,16.718253497300488
280.0,16.73320053068151
280.5,16.748134224444225
281.0,16.76305461424021
281.5,16.777961735562517
282.0,16.792855623746664
282.5,16.80773631397161
283.0,16.822603841260722
283.5,16.837458240482736
284.0,16.852299546352718
284.5,16.867127793433
285.0,16.881943016134134
285.5,16.896745248715803
286.0,16.911534525287763
286.5,16.926310879810757
287.0,16.941074346097416
287.5,16.95582495781317
288.0,16.97056274847714
288.5,16.98528775146303
289.0,17.0
289.5,17.014699527173555
290.0,17.029386365926403
290.5,17.04406054905931
291.0,17.05872210923198
291.5,17.073371078963874
292.0,17.08800749063506
292.5,17.10263137648707
293.0,17.11724276862369
293.5,17.131841699011815
294.0,17.146428199482248
294.5,17.161002301730512
295.0,17.175564037317667
295.5,17.190113437671084
296.0,17.204650534085253
296.5,17.219175357722563
297.0,17.233687939614086
297.5,17.24818831066034
298.0,17.26267650163207
298.5,17.277152543170995
299.0,17.291616465790582
299.5,17.30606829987678
300.0,17.320508075688775
300.5,17.334935823359714
301.0,17.349351572897472
301.5,17.363755354185336
302.0,17.378147196982766
302.5,17.392527130926087
303.0,17.406895185529212
303.5,17.421251390184345
304.0,17.435595774162696
304.5,17.449928366615147
305.0,17.46424919657298
305.5,17.478558292948534
306.0,17.4928556845359
306.5,17.507141400011598
307.0,17.52141546793523
307.5,17.53567791675018
308.0,17.549928774784245
308.5,17.564168070250297
309.0,17.578395831246947
309.5,17.592612085759182
310.0,17.60681686165901
310.5,17.621010186706094
311.0,17.635192088548397
311.5,17.649362594722792
312.0,17.663521732655695
312.5,17.67766952966369
313.0,17.69180601295413
313.5,17.705931209625774
314.0,17.72004514666935
314.5,17.7341478509682
315.0,17.74823934929885
315.5,17.76231966833161
316.0,17.776388834631177
316.5,17.790446874657196
317.0,17.804493814764857
317.5,17.81852968120546
318.0,17.832554500127006
318.5,17.84656829757475
319.0,17.86057109949175
319.5,17.874562931719478
320.0,17.88854381999832
320.5,17.902513789968157
321.0,17.916472867168917
321.5,17.930421077041107
322.0,17.944358444926362
322.5,17.95828499606797
323.0,17.97220075561143
323.5,17.98610574860495
324.0,18.0
324.5,18.01388353465182
325.0,18.027756377319946
325.5,18.041618552668716
326.0,18.05547008526779
326.5,18.069310999592652
327.0,18.083141320025124
327.5,18.096961070853858
328.0,18.110770276274835
328.5,18.12456896039186
329.0,18.138357147217054
329.5,18.152134860671346
330.0,18.16590212458495
330.5,18.179658962697843
331.0,18.193405398660254
331.5,18.207141456033124
332.0,18.2208671582886
332.5,18.23458252881047
333.0,18.24828759089466
333.5,18.261982367749674
334.0,18.275666882497067
334.5,18.289341158171883
335.0,18.303005217723125
335.5,18.3166590840142
336.0,18.33030277982336
336.5,18.34393632784414
337.0,18.35755975068582
337.5,18.371173070873837
338.0,18.384776310850235
338.5,18.398369492974098
339.0,18.411952639521967
339.5,18.425525772688278
340.0,18.439088914585774
340.5,18.452642087245934
341.0,18.466185312619388
341.5,18.479718612576328
342.0,18.49324200890693
342.5,18.506755523321747
343.0,18.520259177452136
343.5,18.533752992850637
344.0,18.547236990991408
344.5,18.560711193270585
345.0,18.57417562100671
345.5,18.587630295441105
346.0,18.601075237738275
346.5,18.614510468986285
347.0,18.627936010197157
347.5,18.641351882307248
348.0,18.65475810617763
348.5,18.66815470259447
349.0,18.681541692269406
349.5,18.694919095839918
350.0,18.708286933869708
350.5,18.721645226849056
351.0,18.734993995195193
351.5,18.748333259252675
352.0,18.76166303929372
352.5,18.774983355518586
353.0,18.788294228055936
353.5,18.801595676963167
354.0,18.81488772222678
354.5,18.828170383762732
355.0,18.841443681416774
355.5,18.854707634964804
356.0,18.867962264113206
356.5,18.881207588499205
357.0,18.894443627691185
357.5,18.907670401189037
358.0,18.920887928424502
358.5,18.934096228761486
359.0,18.947295321496416
359.5,18.96048522585854
360.0,18.973665961010276
360.5,18.986837546047525
361.0,19.0
361.5,19.013153341831543
362.0,19.026297590440446
362.5,19.03943276465977
363.0,19.05255888325765
363.5,19.06567596493762
364.0,19.078784028338912
364.5,19.091883092036785
365.0,19.1049731745428
365.5,19.11805429430516
366.0,19.131126469708992
366.5,19.144189719076646
367.0,19.157244060668017
367.5,19.170289512680814
368.0,19.183326093250876
368.5,19.196353820452465
369.0,19.209372712298546
369.5,19.222382786741086
370.0,19.235384061671343
370.5,19.248376554920156
371.0,19.261360284258224
371.5,19.27433526739638
372.0,19.28730152198591
372.5,19.300259065618782
373.0,19.313207915827967
373.5,19.32614809008769
374.0,19.339079605813716
374.5,19.352002480363627
375.0,19.364916731037084
375.5,19.3778223750761
376.0,19.390719429665317
376.5,19.403607911932255
377.0,19.4164878389476
377.5,19.42935922772545
378.0,19.44222209522358
378.5,19.45507645834372
379.0,19.467922333931785
379.5,19.480759738778158
380.0,19.493588689617926
380.5,19.50640920313116
381.0,19.519221295943137
381.5,19.53202498462461
382.0,19.544820285692065
382.5,19.557607215607945
383.0,19.570385790780925
383.5,19.58315602756614
384.0,19.595917942265423
384.5,19.60867155112758
385.0,19.621416870348583
385.5,19.63415391607186
386.0,19.6468827043885
386.5,19.6596032513375
387.0,19.672315572906
387.5,19.685019685029527
388.0,19.697715603592208
388.5,19.710403344427025
389.0,19.72308292331602
389.5,19.73575435599055
390.0,19.748417658131498
390.5,19.761072845369505
391.0,19.77371993328519
391.5,19.78635893740938
392.0,19.79898987322333
392.5,19.81161275615895
393.0,19.82422760159901
393.5,19.836834424877374
394.0,19.849433241279208
394.5,19.862024066041204
395.0,19.87460691435179
395.5,19.887181801351343
396.0,19.8997487421324
396.5,19.912307751739878
397.0,19.924858845171276
397.5,19.937402037376884
398.0,19.949937343260004
398.5,19.96246477767713
399.0,19.974984355438178
399.5,19.987496091306685
400.0,20.0
400.5,20.0124960961895
401.0,20.024984394500787
401.5,20.03746490951388
402.0,20.049937655763422
402.5,20.062402647738878
403.0,20.074859899884732
403.5,20.087309426600665
404.0,20.09975124224178
404.5,20.112185361118765
405.0,20.12461179749811
405.5,20.137030565602267
406.0,20.149441679609886
406.5,20.161845153655953
407.0,20.174241001832016
407.5,20.18662923818635
408.0,20.199009876724155
408.5,20.211382931407737
409.0,20.223748416156685
409.5,20.23610634484806
410.0,20.248456731316587
410.5,20.26079958935481
411.0,20.273134932713294
411.5,20.285462775100793
412.0,20.29778313018444
412.5,20.310096011589902
413.0,20.322401432901575
413.5,20.334699407662754
414.0,20.346989949375804
414.5,20.359273071502333
415.0,20.37154878746336
415.5,20.38381711063951
416.0,20.396078054371138
416.5,20.40833163195855
417.0,20.42057785666214
417.5,20.43281674170255
418.0,20.445048300260872
418.5,20.457272545478784
419.0,20.46948949045872
419.5,20.481699148264042
420.0,20.493901531919196
420.5,20.506096654409877
421.0,20.518284528683193
421.5,20.530465167647808
422.0,20.54263858417414
422.5,20.554804791094465
423.0,20.566963801203133
423.5,20.579115627256677
424.0,20.591260281974
424.5,20.603397778036516
425.0,20.615528128088304
425.5,20.627651344736268
426.0,20.639767440550294
426.5,20.65187642806338
427.0,20.663978319771825
427.5,20.676073128135332
428.0,20.688160865577203
428.5,20.700241544484452
429.0,20.71231517720798
429.5,20.724381776062707
430.0,20.73644135332772
430.5,20.74849392124643
431.0,20.760539492026695
431.5,20.77257807784099
432.0,20.784609690826528
432.5,20.796634343085422
433.0,20.808652046684813
433.5,20.820662813657012
434.0,20.83266665599966
434.5,20.844663585675832
435.0,20.85665361461421
435.5,20.868636754709208
436.0,20.8806130178211
436.5,20.89258241577618
437.0,20.904544960366874
437.5,20.91650066335189
438.0,20.92844953645635
438.5,20.940391591371924
439.0,20.952326839756964
439.5,20.96425529323663
440.0,20.97617696340303
440.5,20.988091861815356
441.0,21.0
441.5,21.011901389450696
442.0,21.02379604162864
442.5,21.03568396796263
443.0,21.047565179849187
443.5,21.059439688652688
444.0,21.071307505705477
444.5,21.083168642308014
445.0,21.095023109728988
445.5,21.106870919205434
446.0,21.118712081942874
446.5,21.130546609115438
447.0,21.142374511865974
447.5,21.15419580130618
448.0,21.166010488516726
448.5,21.17781858454737
449.0,21.18962010041709
449.5,21.20141504711419
450.0,21.213203435596427
450.5,21.224985276791124
451.0,21.236760581595302
451.5,21.24852936087578
452.0,21.2602916254693
452.5,21.27204738618265
453.0,21.283796653792763
453.5,21.295539439046856
454.0,21.307275752662516
454.5,21.319005605327842
455.0,21.330729007701542
455.5,21.342445970413046
456.0,21.354156504062622
456.5,21.365860619221497
457.0,21.37755832643195
457.5,21.38924963620744
458.0,21.400934559032695
458.5,21.412613105363857
459.0,21.42428528562855
459.5,21.435951110226018
460.0,21.447610589527216
460.5,21.459263733874934
461.0,21.470910553583888
461.5,21.482551058940835
462.0,21.494185260204677
462.5,21.50581316760657
463.0,21.517434791350013
463.5,21.529050141610984
464.0,21.540659228538015
464.5,21.552262062252307
465.0,21.563858652847824
465.5,21.575449010391416
466.0,21.587033144922902
466.5,21.598611066455177
467.0,21.61018278497431
467.5,21.621748310439653
468.0,21.633307652783937
468.5,21.644860821913362
469.0,21.656407827707714
469.5,21.66794868002045
470.0,21.6794833886788
470.5,21.691011963483863
471.0,21.702534414210707
471.5,21.714050750608465
472.0,21.72556098240043
472.5,21.737065119284157
473.0,21.748563170931547
473.5,21.760055146988943
474.0,21.77154105707724
474.5,21.783020910791965
475.0,21.79449471770337
475.5,21.805962487356524
476.0,21.817424229271428
476.5,21.828879952943073
477.0,21.840329667841555
477.5,21.85177338341216
478.0,21.863211109075447
478.5,21.874642854227357
479.0,21.88606862823929
479.5,21.89748844045819
480.0,21.908902300206645
480.5,21.920310216782973
481.0,21.93171219946131
481.5,21.94310825749169
482.0,21.95449840010015
482.5,21.965882636488796
483.0,21.97726097583591
483.5,21.988633427296023
484.0,22.0
484.5,22.01136070305514
485.0,22.02271554554524
485.5,22.034064536530703
486.0,22.045407685048602
486.5,22.056745000112777
487.0,22.06807649071391
487.5,22.079402165819616
488.0,22.090722034374522
488.5,22.102036105300343
489.0,22.11334438749598
489.5,22.124646889837585
490.0,22.135943621178654
490.5,22.147234590350102
491.0,22.15851980616034
491.5,22.169799277395363
492.0,22.181073012818835
492.5,22.192341021172147
493.0,22.20360331117452
493.5,22.214859891523062
494.0,22.22611077089287
494.5,22.237355957937087
495.0,22.24859546128699
495.5,22.259829289552066
496.0,22.271057451320086
496.5,22.282279955157193
497.0,22.293496809607955
497.5,22.304708023195463
498.0,22.315913604421397
498.5,22.327113561766108
499.0,22.338307903688676
499.5,22.34949663862701
500.0,22.360679774997898
500.5,22.371857321197094
501.0,22.38302928559939
501.5,22.39419567655869
502.0,22.40535650240808
502.5,22.416511771459895
503.0,22.427661492005804
503.5,22.438805672316875
504.0,22.44994432064365
504.5,22.4610774452162
505.0,22.47220505424423
505.5,22.483327155917117
506.0,22.494443758403985
506.5,22.5055548698538
507.0,22.516660498395403
507.5,22.52776065213762
508.0,22.538855339169288
508.5,22.54994456755936
509.0,22.561028345356956
509.5,22.572106680591425
510.0,22.58317958127243
510.5,22.594247055390007
511.0,22.60530911091463
511.5,22.616365755797283
512.0,22.627416997969522
512.5,22.638462845343543
513.0,22.64950330581225
513.5,22.66053838724932
514.0,22.67156809750927
514.5,22.68259244442751
515.0,22.693611435820433
515.5,22.704625079485456
516.0,22.715633383201094
516.5,22.726636354727024
517.0,22.737634001804146
517.5,22.74862633215465
518.0,22.759613353482084
518.5,22.7705950734714
519.0,22.781571499789035
519.5,22.792542640082964
520.0,22.80350850198276
520.5,22.814469093099667
521.0,22.825424421026653
521.5,22.83637449333847
522.0,22.847319317591726
522.5,22.85825890132492
523.0,22.869193252058544
523.5,22.880122377295102
524.0,22.891046284519195
524.5,22.901964981197573
525.0,22.9128784747792
525.5,22.9237867726953
526.0,22.93468988235943
526.5,22.94558781116753
527.0,22.956480566497994
527.5,22.967368155711704
528.0,22.978250586152114
528.5,22.9891278651453
529.0,23.0
529.5,23.010866998007703
530.0,23.021728866442675
530.5,23.03258561256204
531.0,23.043437243605826
531.5,23.054283766797006
532.0,23.065125189341593
532.5,23.075961518428652
533.0,23.08679276123039
533.5,23.097618924902193
534.0,23.108440016582687
534.5,23.119256043393783
535.0,23.130067012440755
535.5,23.140872930812268
536.0,23.15167380558045
536.5,23.16246964380094
537.0,23.173260452512935
537.5,23.18404623873926
538.0,23.194827009486403
538.5,23.205602771744587
539.0,23.2163735324878
539.5,23.22713929867387
540.0,23.2379000772445
540.5,23.24865587512534
541.0,23.259406699226016
541.5,23.27015255644019
542.0,23.280893453645632
542.5,23.29162939770423
543.0,23.302360395462088
543.5,23.313086453749534
544.0,23.323807579381203
544.5,23.33452377915607
545.0,23.345235059857504
545.5,23.355941428253324
546.0,23.366642891095847
546.5,23.37733945512192
547.0,23.388031127053
547.5,23.39871791359518
548.0,23.40939982143925
548.5,23.42007685726074
549.0,23.430749027719962
549.5,23.441416339462084
550.0,23.45207879911715
550.5,23.46273641330013
551.0,23.473389188611005
551.5,23.484037131634757
552.0,23.49468024894146
552.5,23.50531854708632
553.0,23.515952032609693
553.5,23.526580712037184
554.0,23.53720459187964
554.5,23.547823678633232
555.0,23.558437978779494
555.5,23.569047498785352
556.0,23.57965224510319
556.5,23.590252224170897
557.0,23.600847442411894
557.5,23.61143790623519
558.0,23.62202362203543
558.5,23.632604596192948
559.0,23.643180835073778
559.5,23.65375234502974
560.0,23.664319132398465
560.5,23.67488120350343
561.0,23.68543856465402
561.5,23.695991222145572
562.0,23.706539182259394
562.5,23.717082451262844
563.0,23.727621035409346
563.5,23.73815494093844
564.0,23.748684174075834
564.5,23.759208741033444
565.0,23.769728648009426
565.5,23.78024390118823
566.0,23.790754506740637
566.5,23.80126047082381
567.0,23.811761799581316
567.5,23.822258499143192
568.0,23.83275057562597
568.5,23.843238035132728
569.0,23.853720883753127
569.5,23.86419912756345
570.0,23.874672772626646
570.5,23.885141824992374
571.0,23.895606290697042
571.5,23.90606617576384
572.0,23.916521486202797
572.5,23.926972228010797
573.0,23.93741840717165
573.5,23.947860029656095
574.0,23.958297101421877
574.5,23.96872962841377
575.0,23.979157616563597
575.5,23.98958107179031
576.0,24.0
576.5,24.01041440708594
577.0,24.020824298928627
577.5,24.031229681395832
578.0,24.041630560342615
578.5,24.052026941611388
579.0,24.06241883103193
579.5,24.072806234421446
580.0,24.08318915758459
580.5,24.093567606313517
581.0,24.1039415863879
581.5,24.114311103574988
582.0,24.124676163629637
582.5,24.13503677229434
583.0,24.145392935299274
583.5,24.155744658362327
584.0,24.166091947189145
584.5,24.176434807473164
585.0,24.186773244895647
585.5,24.197107265125723
586.0,24.20743687382041
586.5,24.21776207662467
587.0,24.228082879171435
587.5,24.238399287081645
588.0,24.24871130596428
588.5,24.259018941416407
589.0,24.269322199023193
589.5,24.279621084357967
590.0,24.289915602982237
590.5,24.300205760445735
591.0,24.310491562286437
591.5,24.320773014030618
592.0,24.331050121192877
592.5,24.34132288927617
593.0,24.351591323771842
593.5,24.361855430159665
594.0,24.372115213907882
594.5,24.38237068047322
595.0,24.392621835300936
595.5,24.40286868382486
596.0,24.413111231467404
596.5,24.423349483639626
597.0,24.43358344574123
597.5,24.443813123160634
598.0,24.454038521274967
598.5,24.464259645450134
599.0,24.474476501040833
599.5,24.48468909339059
600.0,24.49489742783178
600.5,24.50510150968569
601.0,24.515301344262525
601.5,24.525496936861444
602.0,24.535688292770594
602.5,24.545875417267155
603.0,24.55605831561735
603.5,24.566236993076494
604.0,24.576411454889016
604.5,24.586581706288495
605.0,24.596747752497688
605.5,24.606909598728564
606.0,24.61706725018234
606.5,24.627220712049503
607.0,24.63736998950984
607.5,24.647515087732476
608.0,24.657656011875904
608.5,24.66779276708802
609.0,24.677925358506133
609.5,24.68805379125702
610.0,24.698178070456937
610.5,24.708298201211672
611.0,24.71841418861655
611.5,24.728526037756478
612.0,24.73863375370596
612.5,24.748737341529164
613.0,24.758836806279895
613.5,24.76893215300167
614.0,24.779023386727733
614.5,24.78911051248108
615.0,24.79919353527449
615.5,24.809272460110556
616.0,24.819347291981714
616.5,24.829418035870273
617.0,24.839484696748443
617.5,24.849547279578356
618.0,24.859605789312106
618.5,24.869660230891775
619.0,24.879710609249457
619.5,24.889756929307286
620.0,24.899799195977465
620.5,24.9098374141623
621.0,24.919871588754223
621.5,24.92990172463582
622.0,24.939927826679853
622.5,24.9499498997493
623.0,24.95996794869737
623.5,24.969981978367546
624.0,24.979991993593593
624.5,24.9899979991996
625.0,25.0
625.5,25.0099980007996
626.0,25.019992006393608
626.5,25.029982021567655
627.0,25.03996805109783
627.5,25.0499500997507
628.0,25.059928172283335
628.5,25.06990227344335
629.0,25.079872407968907
629.5,25.089838580588754
630.0,25.099800796022265
630.5,25.10975905897944
631.0,25.11971337416094
631.5,25.129663746258124
632.0,25.13961017995307
632.5,25.149552679918582
633.0,25.15949125081825
633.5,25.16942589730644
634.0,25.179356624028344
634.5,25.18928343562
635.0,25.199206336708304
635.5,25.20912533191106
636.0,25.219040425836983
636.5,25.228951623085727
637.0,25.238858928247925
637.5,25.248762345905195
638.0,25.25866188063018
638.5,25.268557536986556
639.0,25.278449319529077
639.5,25.288337232803585
640.0,25.298221281347036
640.5,25.30810146968753
641.0,25.317977802344327
641.5,25.32785028382788
642.0,25.337718918639855
642.5,25.347583711273153
643.0,25.357444666211933
643.5,25.367301787931645
644.0,25.37715508089904
644.5,25.387004549572207
645.0,25.39685019840059
645.5,25.406692031825003
646.0,25.41653005427767
646.5,25.42636427018224
647.0,25.436194683953808
647.5,25.446021299998947
648.0,25.45584412271571
648.5,25.465663156493687
649.0,25.475478405713993
649.5,25.485289874749316
650.0,25.495097567963924
650.5,25.5049014897137
651.0,25.514701644346147
651.5,25.524498036200438
652.0,25.534290669607408
652.5,25.544079548889602
653.0,25.553864678361276
653.5,25.563646062328434
654.0,25.573423705088842
654.5,25.583197610932064
655.0,25.592967784139454
655.5,25.602734228984215
656.0,25.612496949731394
656.5,25.622255950637914
657.0,25.632011235952593
657.5,25.64176280991617
658.0,25.65151067676132
658.5,25.66125484071268
659.0,25.67099530598687
659.5,25.680732076792516
660.0,25.69046515733026
660.5,25.700194551792794
661.0,25.709920264364882
661.5,25.71964229922337
662.0,25.729360660537214
662.5,25.739075352467502
663.0,25.748786379167466
663.5,25.758493744782516
664.0,25.768197453450252
664.5,25.777897509300484
665.0,25.787593916455254
665.5,25.79728667902886
666.0,25.80697580112788
666.5,25.816661286851172
667.0,25.826343140289914
667.5,25.836021365527625
668.0,25.84569596664017
668.5,25.855366947695792
669.0,25.865034312755125
669.5,25.874698065871222
670.0,25.88435821108957
670.5,25.894014752448104
671.0,25.903667693977237
671.5,25.913317039699876
672.0,25.92296279363144
672.5,25.93260495977988
673.0,25.942243542145693
673.5,25.95187854472196
674.0,25.96150997149434
674.5,25.971137826441105
675.0,25.98076211353316
675.5,25.990382836734053
676.0,26.0
676.5,26.009613607279906
677.0,26.019223662515376
677.5,26.02883016964074
678.0,26.038433132583073
678.5,26.04803255526221
679.0,26.057628441590765
679.5,26.06722079547415
680.0,26.076809620810597
680.5,26.086394921491163
681.0,26.095976701399778
681.5,26.105554964413226
682.0,26.115129714401192
682.5,26.124700955226263
683.0,26.13426869074396
683.5,26.143832924802744
684.0,26.153393661244042
684.5,26.16295090390226
685.0,26.1725046566048
685.5,26.182054923172092
686.0,26.19160170741759
686.5,26.201145013147805
687.0,26.210684844162312
687.5,26.22022120425379
688.0,26.229754097208
688.5,26.239283526803852
689.0,26.248809496813376
689.5,26.258332011001766
690.0,26.267851073127396
690.5,26.277366686941825
691.0,26.28687885618983
691.5,26.296387584609413
692.0,26.30589287593181
692.5,26.315394733881533
693.0,26.324893162176366
693.5,26.334388164527386
694.0,26.343879744638983
694.5,26.353367906208877
695.0,26.362852652928137
695.5,26.372333988481188
696.0,26.38181191654584
696.5,26.391286440793294
697.0,26.40075756488817
697.5,26.410225292488512
698.0,26.419689627245813
698.5,26.42915057280502
699.0,26.43860813280457
699.5,26.448062310876388
700.0,26.457513110645905
700.5,26.466960535732092
701.0,26.476404589747453
701.5,26.485845276298054
702.0,26.49528259898354
702.5,26.504716561397142
703.0,26.514147167125703
703.5,26.52357441974969
704.0,26.5329983228432
704.5,26.542418879973994
705.0,26.551836094703507
705.5,26.56124997058685
706.0,26.570660511172846
706.5,26.580067720004024
707.0,26.589471600616662
707.5,26.59887215654077
708.0,26.60826939130014
708.5,26.61766330841233
709.0,26.627053911388696
709.5,26.636441203734407
710.0,26.645825188948457
710.5,26.65520587052368
711.0,26.664583251946766
711.5,26.67395733669828
712.0,26.68332812825267
712.5,26.692695630078276
713.0,26.70205984563738
713.5,26.711420778386163
714.0,26.720778431774775
714.5,26.73013280924732
715.0,26.739483914241877
715.5,26.74883175019051
716.0,26.758176320519304
716.5,26.767517628648346
717.0,26.77685567799177
717.5,26.78619047195775
718.0,26.795522013948524
718.5,26.80485030736042
719.0,26.814175355583846
719.5,26.823497162003317
720.0,26.832815729997478
720.5,26.842131062939096
721.0,26.851443164195103
721.5,26.860752037126584
722.0,26.870057685088806
722.5,26.879360111431225
723.0,26.888659319497503
723.5,26.89795531262553
724.0,26.90724809414742
724.5,26.91653766738954
725.0,26.92582403567252
725.5,26.93510720231126
726.0,26.94438717061496
726.5,26.953663943887108
727.0,26.962937525425527
727.5,26.972207918522354
728.0,26.981475126464083
728.5,26.99073915253156
729.0,27.0
729.5,27.00925767213901
730.0,27.018512172212592
730.5,27.027763503479157
731.0,27.03701166919155
731.5,27.046256672597043
732.0,27.055498516937366
732.5,27.064737205448715
733.0,27.073972741361768
733.5,27.08320512790168
734.0,27.09243436828813
734.5,27.101660465735304
735.0,27.110883423451916
735.5,27.120103244641236
736.0,27.129319932501073
736.5,27.13853349022382
737.0,27.147743920996454
737.5,27.15695122800054
738.0,27.16615541441225
738.5,27.175356483402386
739.0,27.184554438136374
739.5,27.193749281774295
740.0,27.202941017470888
740.5,27.212129648375555
741.0,27.2213151776324
741.5,27.230497608380205
742.0,27.23967694375247
742.5,27.248853186877426
743.0,27.258026340878022
743.5,27.26719640887196
744.0,27.27636339397171
744.5,27.285527299284507
745.0,27.294688127912362
745.5,27.303845882952093
746.0,27.313000567495326
746.5,27.3221521846285
747.0,27.331300737432898
747.5,27.340446228984632
748.0,27.349588662354687
748.5,27.358728040608906
749.0,27.367864366808018
749.5,27.37699764400764
750.0,27.386127875258307
750.5,27.39525506360545
751.0,27.40437921208944
751.5,27.4135003237456
752.0,27.422618401604176
752.5,27.431733448690405
753.0,27.440845468024488
753.5,27.44995446262161
754.0,27.459060435491963
754.5,27.468163389640743
755.0,27.477263328068172
755.5,27.486360253769504
756.0,27.49545416973504
756.5,27.504545078950134
757.0,27.51363298439521
757.5,27.52271788904577
758.0,27.53179979587241
758.5,27.54087870784082
759.0,27.54995462791182
759.5,27.55902755904134
760.0,27.568097504180443
760.5,27.577164466275352
761.0,27.586228448267445
761.5,27.595289453093258
762.0,27.60434748368452
762.5,27.613402542968153
763.0,27.622454633866266
763.5,27.631503759296198
764.0,27.640549922170507
764.5,27.649593125396983
765.0,27.65863337187866
765.5,27.667670664513846
766.0,27.676705006196094
766.5,27.685736399814257
767.0,27.694764848252458
767.5,27.703790354390136
768.0,27.712812921102035
768.5,27.721832551258224
769.0,27.730849247724095
769.5,27.739863013360395
770.0,27.748873851023216
770.5,27.75788176356402
771.0,27.76688675382964
771.5,27.7758888246623
772.0,27.784887978899608
772.5,27.793884219374593
773.0,27.80287754891569
773.5,27.81186797034676
774.0,27.820855486487112
774.5,27.829840100151493
775.0,27.83882181415011
775.5,27.847800631288642
776.0,27.85677655436824
776.5,27.865749586185547
777.0,27.874719729532707
777.5,27.883686987197372
778.0,27.892651361962706
778.5,27.90161285660741
779.0,27.910571473905726
779.5,27.919527216627433
780.0,27.92848008753788
780.5,27.937430089397985
781.0,27.94637722496424
781.5,27.955321496988727
782.0,27.964262908219126
782.5,27.97320146139873
783.0,27.982137159266443
783.5,27.99107000455681
784.0,28.0
784.5,28.008927148321835
785.0,28.0178514522438
785.5,28.026772914483036
786.0,28.035691537752374
786.5,28.044607324760317
787.0,28.053520278211074
787.5,28.062430400804562
788.0,28.071337695236398
788.5,28.080242164197944
789.0,28.089143810376278
789.5,28.098042636454235
790.0,28.106938645110393
790.5,28.115831839019098
791.0,28.124722220850465
791.5,28.1336097932704
792.0,28.142494558940577
792.5,28.151376520518493
793.0,28.160255680657446
793.5,28.16913204200655
794.0,28.178005607210743
794.5,28.186876378910807
795.0,28.19574435974337
795.5,28.20460955234091
796.0,28.21347195933177
796.5,28.222331583340168
797.0,28.231188426986208
797.5,28.240042492885877
798.0,28.24889378365107
798.5,28.257742301889582
799.0,28.26658805020514
799.5,28.275431031197385
800.0,28.284271247461902
800.5,28.293108701590217
801.0,28.30194339616981
801.5,28.310775333784132
802.0,28.319604517012593
802.5,28.32843094843059
803.0,28.337254630609507
803.5,28.34607556611673
804.0,28.35489375751565
804.5,28.36370920736567
805.0,28.372521918222215
805.5,28.38133189263675
806.0,28.39013913315678
806.5,28.398943642325854
807.0,28.407745422683583
807.5,28.416544476765644
808.0,28.42534080710379
808.5,28.434134416225863
809.0,28.442925306655784
809.5,28.45171348091359
810.0,28.460498941515414
810.5,28.469281690973517
811.0,28.478061731796284
811.5,28.48683906648823
812.0,28.495613697550013
812.5,28.50438562747845
813.0,28.513154858766505
813.5,28.521921393903323
814.0,28.53068523537421
814.5,28.53944638566067
815.0,28.548204847240395
815.5,28.556960622587273
816.0,28.5657137141714
816.5,28.574464124459098
817.0,28.583211855912904
817.5,28.591956910991595
818.0,28.600699292150182
818.5,28.609439001839934
819.0,28.61817604250837
819.5,28.626910416599273
820.0,28.635642126552707
820.5,28.64437117480501
821.0,28.653097563788805
821.5,28.661821295933027
822.0,28.6705423736629
822.5,28.679260799399973
823.0,28.687976575562104
823.5,28.696689704563486
824.0,28.705400188814647
824.5,28.71410803072246
825.0,28.722813232690143
825.5,28.731515797117282
826.0,28.74021572639983
826.5,28.7489130229301
827.0,28.75760768909681
827.5,28.766299727285052
828.0,28.77498913987632
828.5,28.78367592924851
829.0,28.792360097775937
829.5,28.801041647829337
830.0,28.809720581775867
830.5,28.818396901979124
831.0,28.827070610799147
831.5,28.83574171059243
832.0,28.844410203711913
832.5,28.853076092507017
833.0,28.861739379323623
833.5,28.8704000665041
834.0,28.879058156387302
834.5,28.88771365130858
835.0,28.89636655359978
835.5,28.905016865589268
836.0,28.91366458960192
836.5,28.922309727959142
837.0,28.930952282978865
837.5,28.939592256975562
838.0,28.948229652260256
838.5,28.956864471140516
839.0,28.965496715920477
839.5,28.97412638890084
840.0,28.982753492378876
840.5,28.991378028648448
841.0,29.0
841.5,29.008619408720573
842.0,29.017236257093817
842.5,29.025850547399983
843.0,29.03446228191595
843.5,29.04307146291521
844.0,29.0516780926679
844.5,29.06028217344078
845.0,29.068883707497267
845.5,29.077482697097423
846.0,29.086079144497972
846.5,29.09467305195231
847.0,29.103264421710495
847.5,29.111853256019273
848.0,29.120439557122072
848.5,29.129023327259016
849.0,29.13760456866693
849.5,29.146183283579344
850.0,29.154759474226502
850.5,29.16333314283537
851.0,29.171904291629644
851.5,29.180472922829747
852.0,29.189039038652847
852.5,29.197602641312866
853.0,29.206163733020468
853.5,29.214722315983085
854.0,29.223278392404914
854.5,29.231831964486933
855.0,29.24038303442689
855.5,29.248931604419333
856.0,29.257477676655586
856.5,29.266021253323792
857.0,29.274562336608895
857.5,29.283100928692644
858.0,29.29163703175362
858.5,29.300170647967224
859.0,29.30870177950569
859.5,29.317230428538096
860.0,29.32575659723036
860.5,29.33428028774526
861.0,29.34280150224242
861.5,29.351320242878344
862.0,29.359836511806396
862.5,29.368350311176826
863.0,29.376861643136763
863.5,29.385370509830228
864.0,29.393876913398138
864.5,29.402380855978315
865.0,29.410882339705484
865.5,29.4193813667113
866.0,29.427877939124322
866.5,29.436372059070052
867.0,29.444863728670914
867.5,29.45335295004628
868.0,29.46183972531247
868.5,29.47032405658275
869.0,29.478805945967352
869.5,29.487285395573462
870.0,29.49576240750525
870.5,29.50423698386386
871.0,29.512709126747414
871.5,29.52117883825102
872.0,29.5296461204668
872.5,29.53811097548386
873.0,29.546573405388315
873.5,29.5550334122633
874.0,29.563490998188964
874.5,29.57194616524249
875.0,29.58039891549808
875.5,29.588849251026982
876.0,29.597297173897484
876.5,29.605742686174924
877.0,29.614185789921695
877.5,29.62262648719725
878.0,29.631064780058107
878.5,29.63950067055786
879.0,29.647934160747187
879.5,29.656365252673833
880.0,29.664793948382652
880.5,29.67322024991558
881.0,29.68164415931166
881.5,29.690065678607045
882.0,29.698484809834994
882.5,29.706901555025897
883.0,29.715315916207253
883.5,29.723727895403698
884.0,29.732137494637012
884.5,29.740544715926102
885.0,29.748949561287034
885.5,29.75735203273302
886.0,29.765752132274432
886.5,29.77414986191881
887.0,29.782545223670862
887.5,29.790938219532464
888.0,29.79932885150268
888.5,29.80771712157776
889.0,29.816103031751148
889.5,29.824486584013478
890.0,29.832867780352597
890.5,29.841246622753548
891.0,29.8496231131986
891.5,29.857997253667232
892.0,29.866369046136157
892.5,29.87473849257931
893.0,29.88310559496787
893.5,29.891470355270247
894.0,29.899832775452108
894.5,29.90819285747636
895.0,29.916550603303182
895.5,29.924906014890006
896.0,29.93325909419153
896.5,29.941609843159736
897.0,29.949958263743873
897.5,29.958304357890484
898.0,29.966648127543394
898.5,29.974989574643725
899.0,29.9833287011299
899.5,29.991665508937647
900.0,30.0
900.5,30.008332176247315
901.0,30.01666203960727
901.5,30.024989592004857
902.0,30.033314835362415
902.5,30.041637771599603
903.0,30.04995840263344
903.5,30.058276730378275
904.0,30.066592756745816
904.5,30.074906483645133
905.0,30.083217912982647
905.5,30.091527046662154
906.0,30.099833886584822
906.5,30.108138434649195
907.0,30.116440692751194
907.5,30.124740662784138
908.0,30.133038346638727
908.5,30.14133374620307
909.0,30.14962686336267
909.5,30.157917700000443
910.0,30.166206257996713
910.5,30.174492539229224
911.0,30.18277654557314
911.5,30.191058278901057
912.0,30.199337741083
912.5,30.20761493398643
913.0,30.215889859476256
913.5,30.224162519414826
914.0,30.23243291566195
914.5,30.240701050074883
915.0,30.24896692450835
915.5,30.257230540814536
916.0,30.265491900843113
916.5,30.273751006441206
917.0,30.28200785945344
917.5,30.29026246172192
918.0,30.298514815086232
918.5,30.306764921383476
919.0,30.315012782448235
919.5,30.32325840011261
920.0,30.331501776206203
920.5,30.33974291255613
921.0,30.347981810987037
921.5,30.35621847332108
922.0,30.364452901377952
922.5,30.37268509697488
923.0,30.380915061926625
923.5,30.389142798045487
924.0,30.397368307141328
924.5,30.405591591021544
925.0,30.4138126514911
925.5,30.422031490352513
926.0,30.430248109405877
926.5,30.438462510448847
927.0,30.44667469527666
927.5,30.454884665682123
928.0,30.463092423455635
928.5,30.47129797038518
929.0,30.479501308256342
929.5,30.487702438852292
930.0,30.495901363953813
930.5,30.504098085339287
931.0,30.512292604784715
931.5,30.520484924063705
932.0,30.528675044947494
932.5,30.53686296920494
933.0,30.54504869860253
933.5,30.553232234904378
934.0,30.56141357987225
934.5,30.569592735265545
935.0,30.577769702841312
935.5,30.585944484354247
936.0,30.59411708155671
936.5,30.602287496198713
937.0,30.610455730027933
937.5,30.618621784789728
938.0,30.62678566222711
938.5,30.63494736408078
939.0,30.643106892089126
939.5,30.651264247988205
940.0,30.659419433511783
940.5,30.667572450391308
941.0,30.675723300355934
941.5,30.683871985132516
942.0,30.692018506445613
942.5,30.700162866017504
943.0,30.708305065568176
943.5,30.71644510681534
944.0,30.72458299147443
944.5,30.732718721258617
945.0,30.740852297878796
945.5,30.748983723043597
946.0,30.757112998459398
946.5,30.76524012583032
947.0,30.773365106858236
947.5,30.78148794324277
948.0,30.789608636681304
948.5,30.797727188868986
949.0,30.805843601498726
949.5,30.813957876261206
950.0,30.822070014844883
950.5,30.83018001893599
951.0,30.83828789021855
951.5,30.84639363037436
952.0,30.854497241083024
952.5,30.86259872402193
953.0,30.870698080866262
953.5,30.87879531328902
954.0,30.886890422961002
954.5,30.894983411550815
955.0,30.903074280724887
955.5,30.911163032147464
956.0,30.919249667480614
956.5,30.92733418838423
957.0,30.93541659651604
957.5,30.943496893531602
958.0,30.95157508108432
958.5,30.95965116082544
959.0,30.967725134404045
959.5,30.97579700346708
960.0,30.983866769659336
960.5,30.99193443462347
961.0,31.0
961.5,31.008063467427306
962.0,31.016124838541646
962.5,31.024184114977142
963.0,31.0322412983658
963.5,31.040296390337513
964.0,31.04834939252005
964.5,31.056400306539068
965.0,31.064449134018133
965.5,31.072495876578696
966.0,31.080540535840107
966.5,31.088583113419627
967.0,31.096623610932426
967.5,31.10466202999158
968.0,31.11269837220809
968.5,31.12073263919087
969.0,31.12876483254676
969.5,31.13679495388053
970.0,31.144823004794873
970.5,31.15284898689043
971.0,31.160872901765767
971.5,31.1688947510174
972.0,31.176914536239792
972.5,31.184932259025352
973.0,31.192947920964443
973.5,31.20096152364539
974.0,31.20897306865447
974.5,31.216982557575932
975.0,31.22498999199199
975.5,31.232995373482833
976.0,31.240998703626616
976.5,31.24899998399949
977.0,31.25699921617557
977.5,31.264996401726965
978.0,31.272991542223778
978.5,31.280984639234106
979.0,31.28897569432403
979.5,31.29696470905765
980.0,31.304951684997057
980.5,31.312936623702353
981.0,31.32091952673165
981.5,31.32890039564108
982.0,31.336879231984796
982.5,31.34485603731496
983.0,31.352830813181765
983.5,31.36080356113344
984.0,31.368774282716245
984.5,31.376742979474464
985.0,31.38470965295043
985.5,31.392674304684526
986.0,31.400636936215164
986.5,31.40859754907882
987.0,31.416556144810016
987.5,31.424512724941337
988.0,31.432467291003423
988.5,31.44041984452498
989.0,31.448370387032774
989.5,31.45631892005166
990.0,31.464265445104548
990.5,31.47220996371243
991.0,31.480152477394387
991.5,31.488092987667578
992.0,31.496031496047245
992.5,31.50396800404673
993.0,31.51190251317746
993.5,31.51983502494897
994.0,31.52776554086889
994.5,31.535694062442957
995.0,31.54362059117501
995.5,31.551545128567
996.0,31.559467676119
996.5,31.567388235329194
997.0,31.575306807693888
997.5,31.583223394707513
998.0,31.591137997862628
998.5,31.599050618649922
999.0,31.606961258558215
999.5,31.614869919074472
1000.0,31.622776601683793
