X,Raiz CÃºbica
1.0,1.0
1.5,1.1447142425533317
2.0,1.2599210498948734
2.5,1.3572088082974532
3.0,1.4422495703074083
3.5,1.5182944859378316
4.0,1.5874010519681996
4.5,1.6509636244473134
5.0,1.7099759466766968
5.5,1.7651741676630317
6.0,1.8171205928321394
6.5,1.866255578408624
7.0,1.9129311827723894
7.5,1.9574338205844317
8.0,2.0
8.5,2.040827550958674
9.0,2.080083823051904
9.5,2.1179117921274466
10.0,2.1544346900318834
10.5,2.1897595699439445
11.0,2.2239800905693157
11.5,2.2571787177370006
12.0,2.2894284851066633
12.5,2.320794416806389
13.0,2.3513346877207577
13.5,2.3811015779522995
14.0,2.4101422641752306
14.5,2.4384994805366564
15.0,2.46621207433047
15.5,2.493315476119323
16.0,2.519842099789747
16.5,2.545821684829745
17.0,2.5712815906582356
17.5,2.596247050925552
18.0,2.620741394208897
18.5,2.644786236347104
19.0,2.6684016487219453
19.5,2.691606306043642
20.0,2.7144176165949063
20.5,2.736851837399214
21.0,2.7589241763811208
21.5,2.780648883260618
22.0,2.8020393306553877
22.5,2.8231080866430855
23.0,2.843866979851566
23.5,2.864327157991219
24.0,2.8844991406148166
24.5,2.904392866781852
25.0,2.924017738212866
25.5,2.943382658441668
26.0,2.9624960684073707
26.5,2.981365978871846
27.0,3.0000000000000004
27.5,3.018405368398843
28.0,3.036588971875663
28.5,3.054557372144803
29.0,3.0723168256858475
29.5,3.0898733029328223
30.0,3.107232505953859
30.5,3.1243998847631222
31.0,3.141380652391393
31.5,3.15817979882819
32.0,3.174802103936399
32.5,3.1912521494299537
33.0,3.207534329995827
33.5,3.223652863633457
34.0,3.2396118012774835
34.5,3.255415035763216
35.0,3.2710663101885897
35.5,3.286569225721215
36.0,3.3019272488946267
36.5,3.3171437184337482
37.0,3.332221851645953
37.5,3.3471647504108475
38.0,3.3619754067989636
38.5,3.37665670834691
39.0,3.3912114430141664
39.5,3.40564230384454
40.0,3.4199518933533937
40.5,3.434142727659996
41.0,3.4482172403827303
41.5,3.4621777863135197
42.0,3.4760266448864496
42.5,3.4897660234544436
43.0,3.5033980603867243
43.5,3.516924827998831
44.0,3.5303483353260634
44.5,3.543670530750377
45.0,3.5568933044900626
45.5,3.5700184909607784
46.0,3.5830478710159466
46.5,3.5959831740739046
47.0,3.608826080138695
47.5,3.62157822172087
48.0,3.634241185664279
48.5,3.6468165148843403
49.0,3.6593057100229713
49.5,3.6717102310249814
50.0,3.6840314986403864
50.5,3.6962708958568578
51.0,3.7084297692661887
51.5,3.720509430368453
52.0,3.732511156817248
52.5,3.7444361936092534
53.0,3.7562857542210724
53.5,3.7680610216961807
54.0,3.77976314968462
54.5,3.791393263437891
55.0,3.8029524607613916
55.5,3.8144418129265585
56.0,3.8258623655447788
56.5,3.837215139404992
57.0,3.8485011312768047
57.5,3.8597213146808205
58.0,3.8708766406277966
58.5,3.8819680383281536
59.0,3.892996415873261
59.5,3.9039626608898548
60.0,3.9148676411688634
60.5,3.925712205269845
61.0,3.9364971831021736
61.5,3.9472233864840574
62.0,3.9578916096804053
62.5,3.968502629920499
63.0,3.979057207896392
63.5,3.9895560882429013
64.0,4.0
64.5,4.010389657058401
65.0,4.020725758589058
65.5,4.03100898945729
66.0,4.041240020622191
66.5,4.0514195095219465
67.0,4.0615481004456795
67.5,4.07162642489236
68.0,4.081655101917348
68.5,4.091634738467075
69.0,4.101565929702347
69.5,4.111449259310745
70.0,4.121285299808557
70.5,4.131074612832675
71.0,4.140817749422854
71.5,4.150515250294703
72.0,4.160167646103808
72.5,4.169775457701303
73.0,4.179339196381232
73.5,4.188859364120027
74.0,4.198336453808407
74.5,4.2077709494759645
75.0,4.2171633265087465
75.5,4.226514051860081
76.0,4.235823584254893
76.5,4.245092374387774
77.0,4.254320865115005
77.5,4.263509491640799
78.0,4.272658681697917
78.5,4.2817688557229205
79.0,4.2908404270262075
79.5,4.2998738019570455
80.0,4.308869380063767
80.5,4.317827554249305
81.0,4.326748710922225
81.5,4.33563323014342
82.0,4.344481485768612
82.5,4.353293845586806
83.0,4.362070671454838
83.5,4.370812319428144
84.0,4.379519139887889
84.5,4.388191477664564
85.0,4.396829672158179
85.5,4.405434057455169
86.0,4.414004962442104
86.5,4.422542710916331
87.0,4.431047621693634
87.5,4.4395200087130045
88.0,4.447960181138631
88.5,4.456368443459196
89.0,4.464745095584537
89.5,4.473090432939809
90.0,4.481404746557165
90.5,4.489688323165089
91.0,4.497941445275415
91.5,4.506164391268128
92.0,4.514357435474001
92.5,4.522520848255138
93.0,4.530654896083492
93.5,4.538759841617426
94.0,4.546835943776344
94.5,4.554883457813493
95.0,4.562902635386966
95.5,4.570893724628956
96.0,4.578856970213327
96.5,4.586792613421552
97.0,4.59470089220704
97.5,4.602582041257944
98.0,4.610436292058447
98.5,4.6182638729485985
99.0,4.626065009182742
99.5,4.633839922986559
100.0,4.641588833612778
100.5,4.649311957395599
101.0,4.657009507803836
101.5,4.664681695492844
102.0,4.672328728355259
102.5,4.679950811570579
103.0,4.687548147653598
103.5,4.695120936501776
104.0,4.702669375441515
104.5,4.710193659273419
105.0,4.717693980316533
105.5,4.725170528451598
106.0,4.732623491163369
106.5,4.740053053581975
107.0,4.7474593985234
107.5,4.754842706529076
108.0,4.762203155904599
108.5,4.769540922757639
109.0,4.776856181035017
109.5,4.784149102558993
110.0,4.791419857062784
110.5,4.798668612225332
111.0,4.805895533705333
111.5,4.813100785174554
112.0,4.820284528350461
112.5,4.827446923028149
113.0,4.8345881271116395
113.5,4.841708296644504
114.0,4.848807585839879
114.5,4.855886147109856
115.0,4.862944131094279
115.5,4.869981686688959
116.0,4.876998961073313
116.5,4.883996099737457
117.0,4.890973246508748
117.5,4.897930543577807
118.0,4.904868131524017
118.5,4.91178614934052
119.0,4.918684734458728
119.5,4.925564022772349
120.0,4.93242414866094
120.5,4.939265245013018
121.0,4.946087443248701
121.5,4.952890873341941
122.0,4.959675663842301
122.5,4.966441941896344
123.0,4.973189833268591
123.5,4.9799194623620995
124.0,4.986630952238646
124.5,4.993324424638528
125.0,5.0
125.5,5.0066577974783435
126.0,5.013297934964585
126.5,5.019920529103866
127.0,5.026525695313479
127.5,5.033113547800565
128.0,5.039684199579494
128.5,5.046237762488924
129.0,5.052774347208561
129.5,5.059294063275601
130.0,5.065797019100887
130.5,5.072283321984771
131.0,5.078753078132701
131.5,5.085206392670517
132.0,5.09164336965949
132.5,5.098064112111081
133.0,5.104468722001464
133.5,5.110857300285758
134.0,5.117229946912049
134.5,5.123586760835144
135.0,5.129927840030091
135.5,5.136253281505475
136.0,5.142563181316471
136.5,5.148857634577685
137.0,5.1551367354757724
137.5,5.161400577281835
138.0,5.167649252363623
138.5,5.1738828521975115
139.0,5.180101467380292
139.5,5.186305187640761
140.0,5.192494101851104
140.5,5.198668298038116
141.0,5.204827863394201
141.5,5.210972884288227
142.0,5.217103446276168
142.5,5.223219634111594
143.0,5.229321531755984
143.5,5.235409222388864
144.0,5.241482788417794
144.5,5.2475423114881705
145.0,5.2535878724929015
145.5,5.259619551581901
146.0,5.265637428171437
146.5,5.271641580953347
147.0,5.277632087904077
147.5,5.283609026293607
148.0,5.289572472694208
148.5,5.295522502989095
149.0,5.3014591923809045
149.5,5.30738261540007
150.0,5.313292845913056
150.5,5.319189957130456
151.0,5.325074021614987
151.5,5.330945111289333
152.0,5.336803297443891
152.5,5.342648650744382
153.0,5.348481241239363
153.5,5.354301138367603
154.0,5.360108410965363
154.5,5.365903127273563
155.0,5.371685354944833
155.5,5.37745516105047
156.0,5.383212612087284
156.5,5.3889577739843375
157.0,5.3946907121095915
157.5,5.400411491276454
158.0,5.4061201757502255
158.5,5.41181682925445
159.0,5.4175015149771815
159.5,5.423174295577143
160.0,5.428835233189813
160.5,5.434484389433411
161.0,5.440121825414797
161.5,5.445747601735295
162.0,5.45136177849642
162.5,5.45696441530553
163.0,5.462555571281398
163.5,5.468135305059702
164.0,5.473703674798428
164.5,5.479260738183219
165.0,5.484806552432618
165.5,5.490341174303269
166.0,5.495864660095013
166.5,5.501377065655942
167.0,5.506878446387354
167.5,5.512368857248666
168.0,5.5178483527622415
168.5,5.52331698701815
169.0,5.528774813678872
169.5,5.534221885983932
170.0,5.539658256754464
170.5,5.545083978397729
171.0,5.550499102911548
171.5,5.555903681888698
172.0,5.561297766521236
172.5,5.56668140760476
173.0,5.5720546555426225
173.5,5.5774175603500895
174.0,5.582770171658424
174.5,5.588112538718939
175.0,5.593444710406985
175.5,5.5987667352258725
176.0,5.604078661310775
176.5,5.609380536432542
177.0,5.614672408001492
177.5,5.619954323071134
178.0,5.625226328341856
178.5,5.63048847016456
179.0,5.635740794544237
179.5,5.6409833471435205
180.0,5.646216173286171
180.5,5.651439317960528
181.0,5.656652825822911
181.5,5.6618567412009835
182.0,5.6670511080970645
182.5,5.672235970191408
183.0,5.677411370845433
183.5,5.6825773531049135
184.0,5.687733959703132
184.5,5.692881233063987
185.0,5.698019215305067
185.5,5.703147948240683
186.0,5.708267473384861
186.5,5.7133778319543085
187.0,5.718479064871317
187.5,5.723571212766659
188.0,5.728654315982438
188.5,5.733728414574889
189.0,5.738793548317167
189.5,5.743849756702087
190.0,5.748897078944831
190.5,5.753935553985629
191.0,5.758965220492402
191.5,5.763986116863369
192.0,5.768998281229633
192.5,5.774001751457728
193.0,5.778996565152131
193.5,5.783982759657754
194.0,5.788960372062405
194.5,5.7939294391992044
195.0,5.798889997648997
195.5,5.803842083742712
196.0,5.808785733563704
196.5,5.813720982950077
197.0,5.818647867496962
197.5,5.823566422558773
198.0,5.8284766832514565
198.5,5.833378684454674
199.0,5.838272460814004
199.5,5.84315804674308
200.0,5.848035476425732
200.5,5.852904783818088
201.0,5.857766002650652
201.5,5.862619166430361
202.0,5.8674643084426155
202.5,5.872301461753295
203.0,5.87713065921074
203.5,5.881951933447712
204.0,5.886765316883336
204.5,5.891570841725026
205.0,5.896368539970368
205.5,5.901158443409005
206.0,5.905940583624489
206.5,5.9107149919961115
207.0,5.915481699700718
207.5,5.920240737714493
208.0,5.924992136814741
208.5,5.929735927581635
209.0,5.934472140399942
209.5,5.939200805460745
210.0,5.94392195276313
210.5,5.948635612115865
211.0,5.953341813139051
211.5,5.95804058526577
212.0,5.962731957743692
212.5,5.967415959636685
213.0,5.972092619826402
213.5,5.976761967013835
214.0,5.981424029720886
214.5,5.986078836291879
215.0,5.990726414895094
215.5,5.995366793524248
216.0,6.000000000000001
216.5,6.004626061971405
217.0,6.009245006917367
217.5,6.013856862148082
218.0,6.018461654806453
218.5,6.0230594118694984
219.0,6.027650160149741
219.5,6.0322339262965885
220.0,6.036810736797686
220.5,6.041380617980275
221.0,6.045943596012514
221.5,6.050499696904809
222.0,6.055048946511105
222.5,6.05959137053019
223.0,6.064126994506963
223.5,6.068655843833706
224.0,6.073177943751326
224.5,6.0776933193506
225.0,6.0822019955734
225.5,6.086703997213902
226.0,6.091199348919786
226.5,6.095688075193424
227.0,6.1001702003930625
227.5,6.104645748733971
228.0,6.109114744289606
228.5,6.113577210992748
229.0,6.11803317263662
229.5,6.122482652876022
230.0,6.126925675228417
230.5,6.131362263075036
231.0,6.13579243966196
231.5,6.140216228101185
232.0,6.144633651371695
232.5,6.149044732320499
233.0,6.1534494936636825
233.5,6.157847957987428
234.0,6.162240147749039
234.5,6.166626085277948
235.0,6.171005792776718
235.5,6.175379292322026
236.0,6.1797466058656445
236.5,6.184107755235415
237.0,6.188462762136204
237.5,6.192811648150855
238.0,6.197154434741127
238.5,6.201491143248631
239.0,6.205821794895753
239.5,6.21014641078656
240.0,6.214465011907718
240.5,6.2187776191293755
241.0,6.223084253206059
241.5,6.227384934777549
242.0,6.231679684369753
242.5,6.235968522395563
243.0,6.240251469155714
243.5,6.244528544839625
244.0,6.2487997695262445
244.5,6.253065163184869
245.0,6.257324745675975
245.5,6.261578536752022
246.0,6.265826556058272
246.5,6.270068823133576
247.0,6.274305357411168
247.5,6.278536178219458
248.0,6.282761304782786
248.5,6.286980756222219
249.0,6.291194551556289
249.5,6.295402709701758
250.0,6.299605249474366
250.5,6.303802189589567
251.0,6.307993548663268
251.5,6.312179345212546
252.0,6.31635959765638
252.5,6.3205343243163545
253.0,6.324703543417371
253.5,6.32886727308835
254.0,6.3330255313629165
254.5,6.337178336180098
255.0,6.341325705384998
255.5,6.345467656729472
256.0,6.349604207872798
256.5,6.35373537638234
257.0,6.357861179734201
257.5,6.361981635313874
258.0,6.366096760416892
258.5,6.370206572249461
259.0,6.374311087929094
259.5,6.37841032448524
260.0,6.382504298859907
260.5,6.386593027908275
261.0,6.390676528399307
261.5,6.394754817016358
262.0,6.398827910357771
262.5,6.402895824937471
263.0,6.4069585771855575
263.5,6.411016183448888
264.0,6.415068659991654
264.5,6.419116022995954
265.0,6.423158288562368
265.5,6.427195472710518
266.0,6.431227591379625
266.5,6.435254660429062
267.0,6.439276695638909
267.5,6.443293712710489
268.0,6.447305727266914
268.5,6.451312754853618
269.0,6.455314810938886
269.5,6.459311910914378
270.0,6.463304070095651
270.5,6.46729130372268
271.0,6.4712736269603655
271.5,6.475251054899037
272.0,6.479223602554967
272.5,6.483191284870859
273.0,6.48715411671635
273.5,6.491112112888497
274.0,6.495065288112264
274.5,6.499013657041003
275.0,6.502957234256934
275.5,6.50689603427162
276.0,6.510830071526432
276.5,6.51475936039302
277.0,6.518683915173769
277.5,6.5226037501022684
278.0,6.52651887934375
278.5,6.530429316995558
279.0,6.534335077087574
279.5,6.5382361735826775
280.0,6.5421326203771795
280.5,6.546024431301253
281.0,6.549911620119375
281.5,6.553794200530743
282.0,6.557672186169711
282.5,6.561545590606204
283.0,6.565414427346138
283.5,6.569278709831834
284.0,6.57313845144243
284.5,6.576993665494286
285.0,6.5808443652413935
285.5,6.584690563875772
286.0,6.588532274527865
286.5,6.592369510266942
287.0,6.596202284101479
287.5,6.600030608979561
288.0,6.6038544977892535
288.5,6.607673963358987
289.0,6.611489018457945
289.5,6.615299675796426
290.0,6.619105948026229
290.5,6.622907847741014
291.0,6.62670538747667
291.5,6.630498579711683
292.0,6.6342874368674964
292.5,6.6380719713088645
293.0,6.641852195344209
293.5,6.6456281212259745
294.0,6.649399761150975
294.5,6.653167127260742
295.0,6.656930231641868
295.5,6.660689086326344
296.0,6.664443703291906
296.5,6.6681940944623666
297.0,6.671940271707946
297.5,6.675682246845605
298.0,6.679420031639375
298.5,6.683153637800678
299.0,6.686883076988654
299.5,6.690608360810482
300.0,6.694329500821695
300.5,6.698046508526495
301.0,6.70175939537807
301.5,6.7054681727789
302.0,6.7091728520810685
302.5,6.712873444586567
303.0,6.716569961547598
303.5,6.720262414166875
304.0,6.723950813597927
304.5,6.727635170945387
305.0,6.73131549726529
305.5,6.734991803565368
306.0,6.738664100805333
306.5,6.742332399897172
307.0,6.745996711705425
307.5,6.749657047047474
308.0,6.75331341669382
308.5,6.756965831368367
309.0,6.76061430174869
309.5,6.764258838466319
310.0,6.767899452107008
310.5,6.771536153211002
311.0,6.7751689522733125
311.5,6.778797859743979
312.0,6.782422886028333
312.5,6.7860440414872665
313.0,6.789661336437485
313.5,6.793274781151769
314.0,6.796884385859237
314.5,6.800490160745589
315.0,6.804092115953368
315.5,6.807690261582207
316.0,6.81128460768908
316.5,6.814875164288549
317.0,6.81846194135301
317.5,6.822044948812935
318.0,6.825624196557116
318.5,6.829199694432902
319.0,6.832771452246442
319.5,6.836339479762921
320.0,6.839903786706787
320.5,6.843464382761998
321.0,6.847021277572241
321.5,6.850574480741169
322.0,6.854124001832625
322.5,6.857669850370873
323.0,6.86121203584082
323.5,6.8647505676882385
324.0,6.868285455319992
324.5,6.871816708104248
325.0,6.875344335370705
325.5,6.878868346410806
326.0,6.882388750477948
326.5,6.885905556787707
327.0,6.889418774518042
327.5,6.892928412809505
328.0,6.8964344807654605
328.5,6.89993698745228
329.0,6.903435941899558
329.5,6.90693135310031
330.0,6.910423230011183
330.5,6.913911581552654
331.0,6.9173964166092246
331.5,6.9208777440296325
332.0,6.924355572627039
332.5,6.927829911179231
333.0,6.93130076842881
333.5,6.934768153083394
334.0,6.9382320738158025
334.5,6.941692539264251
335.0,6.945149558032542
335.5,6.948603138690247
336.0,6.952053289772899
336.5,6.955500019782179
337.0,6.958943337186095
337.5,6.962383250419168
338.0,6.965819767882616
338.5,6.969252897944531
339.0,6.97268264894006
339.5,6.976109029171582
340.0,6.979532046908887
340.5,6.982951710389351
341.0,6.986368027818107
341.5,6.9897810073682205
342.0,6.993190657180869
342.5,6.996596985365497
343.0,7.0
343.5,7.003399709130886
344.0,7.006796120773449
344.5,7.010189242911922
345.0,7.013579083499659
345.5,7.016965650459287
346.0,7.020348951682877
346.5,7.0237289950321
347.0,7.027105788338386
347.5,7.030479339403095
348.0,7.033849655997662
348.5,7.0372167458637644
349.0,7.040580616713471
349.5,7.043941276229406
350.0,7.047298732064893
350.5,7.050652991844116
351.0,7.054004063162273
351.5,7.0573519535857185
352.0,7.060696670652127
352.5,7.064038221870624
353.0,7.0673766147219546
353.5,7.070711856658616
354.0,7.074043955105015
354.5,7.0773729174575974
355.0,7.080698751085014
355.5,7.084021463328245
356.0,7.087341061500754
356.5,7.090657552888627
357.0,7.09397094475071
357.5,7.097281244318752
358.0,7.100588458797541
358.5,7.10389259536505
359.0,7.10719366117256
359.5,7.11049166334481
360.0,7.113786608980125
360.5,7.117078505150553
361.0,7.120367358901994
361.5,7.12365317725434
362.0,7.126935967201603
362.5,7.130215735712045
363.0,7.133492489728308
363.5,7.1367662361675475
364.0,7.140036981921557
364.5,7.1433047338568985
365.0,7.146569498815023
365.5,7.149831283612408
366.0,7.153090095040668
366.5,7.156345939866697
367.0,7.159598824832772
367.5,7.162848756656692
368.0,7.166095742031893
368.5,7.169339787627568
369.0,7.172580900088797
369.5,7.175819086036649
370.0,7.17905435206832
370.5,7.182286704757239
371.0,7.185516150653192
371.5,7.188742696282434
372.0,7.191966348147809
372.5,7.195187112728866
373.0,7.198404996481966
373.5,7.201620005840403
374.0,7.204832147214521
374.5,7.208041426991811
375.0,7.211247851537041
375.5,7.2144514271923565
376.0,7.21765216027739
376.5,7.220850057089376
377.0,7.22404512390326
377.5,7.227237366971804
378.0,7.230426792525689
378.5,7.23361340677364
379.0,7.236797215902504
379.5,7.239978226077389
380.0,7.24315644344174
380.5,7.246331874117462
381.0,7.249504524205012
381.5,7.252674399783514
382.0,7.255841506910846
382.5,7.259005851623762
383.0,7.2621674399379685
383.5,7.265326277848252
384.0,7.268482371328558
384.5,7.2716357263321
385.0,7.274786348791457
385.5,7.277934244618669
386.0,7.281079419705338
386.5,7.2842218799227245
387.0,7.287361631121843
387.5,7.290498679133558
388.0,7.293633029768681
388.5,7.296764688818057
389.0,7.299893662052675
389.5,7.303019955223747
390.0,7.306143574062803
390.5,7.309264524281793
391.0,7.3123828115731655
391.5,7.31549844160997
392.0,7.318611420045943
392.5,7.3217217525155975
393.0,7.3248294446343145
393.5,7.327934501998435
394.0,7.331036930185337
394.5,7.334136734753539
395.0,7.33723392124278
395.5,7.340328495174109
396.0,7.343420462049963
396.5,7.346509827354267
397.0,7.349596596552506
397.5,7.352680775091828
398.0,7.355762368401104
398.5,7.3588413818910325
399.0,7.3619178209542175
399.5,7.364991690965243
400.0,7.368062997280773
400.5,7.371131745239614
401.0,7.374197940162811
401.5,7.377261587353724
402.0,7.380322692098103
402.5,7.3833812596641835
403.0,7.386437295302746
403.5,7.389490804247211
404.0,7.3925417917137155
404.5,7.395590262901181
405.0,7.39863622299141
405.5,7.40167967714914
406.0,7.404720630522144
406.5,7.4077590882412885
407.0,7.4107950554206194
407.5,7.413828537157441
408.0,7.4168595385323774
408.5,7.4198880646094665
409.0,7.422914120436216
409.5,7.4259377110436855
410.0,7.4289588414465655
410.5,7.431977516643239
411.0,7.434993741615869
411.5,7.4380075213304515
412.0,7.441018860736906
412.5,7.444027764769137
413.0,7.447034238345108
413.5,7.45003828636691
414.0,7.453039913720836
414.5,7.456039125277446
415.0,7.459035925891642
415.5,7.46203032040273
416.0,7.465022313634496
416.5,7.468011910395273
417.0,7.470999115478002
417.5,7.47398393366031
418.0,7.476966369704569
418.5,7.4799464283579695
419.0,7.482924114352578
419.5,7.485899432405414
420.0,7.488872387218507
420.5,7.491842983478969
421.0,7.494811225859052
421.5,7.4977771190162175
422.0,7.500740667593201
422.5,7.503701876218076
423.0,7.506660749504312
423.5,7.50961729205085
424.0,7.512571508442145
424.5,7.5155234032482525
425.0,7.518472981024874
425.5,7.521420246313427
426.0,7.524365203641103
426.5,7.527307857520923
427.0,7.530248212451818
427.5,7.533186272918665
428.0,7.5361220433923615
428.5,7.539055528329883
429.0,7.541986732174345
429.5,7.5449156593550555
430.0,7.547842314287576
430.5,7.550766701373783
431.0,7.553688825001929
431.5,7.556608689546692
432.0,7.55952629936924
432.5,7.5624416588172805
433.0,7.565354772225129
433.5,7.568265643913758
434.0,7.571174278190853
434.5,7.574080679350871
435.0,7.576984851675099
435.5,7.5798867994317005
436.0,7.582786526875782
436.5,7.585684038249438
437.0,7.588579337781815
437.5,7.591472429689157
438.0,7.594363318174862
438.5,7.597252007429542
439.0,7.60013850163107
439.5,7.603022804944632
440.0,7.605904921522783
440.5,7.608784855505504
441.0,7.611662611020246
441.5,7.614538192181984
442.0,7.617411603093272
442.5,7.620282847844296
443.0,7.623151930512918
443.5,7.626018855164733
444.0,7.628883625853117
444.5,7.631746246619279
445.0,7.634606721492309
445.5,7.637465054489233
446.0,7.640321249615054
446.5,7.64317531086281
447.0,7.64602724221362
447.5,7.648877047636727
448.0,7.6517247310895575
448.5,7.65457029651776
449.0,7.657413747855265
449.5,7.660255089024315
450.0,7.663094323935531
450.5,7.665931456487946
451.0,7.66876649056906
451.5,7.671599430054883
452.0,7.674430278809984
452.5,7.677259040687534
453.0,7.680085719529357
453.5,7.682910319165974
454.0,7.685732843416646
454.5,7.688553296089419
455.0,7.691371680981178
455.5,7.694188001877681
456.0,7.697002262553609
456.5,7.699814466772614
457.0,7.702624618287353
457.5,7.705432720839541
458.0,7.708238778159992
458.5,7.711042793968667
459.0,7.713844771974706
459.5,7.716644715876483
460.0,7.719442629361641
460.5,7.722238516107143
461.0,7.725032379779305
461.5,7.727824224033844
462.0,7.730614052515921
462.5,7.733401868860177
463.0,7.736187676690783
463.5,7.738971479621474
464.0,7.741753281255593
464.5,7.744533085186135
465.0,7.747310894995782
465.5,7.75008671425695
466.0,7.7528605465318225
466.5,7.7556323953723965
467.0,7.758402264320521
467.5,7.761170156907933
468.0,7.763936076656307
468.5,7.76670002707728
469.0,7.769462011672504
469.5,7.772222033933678
470.0,7.774980097342587
470.5,7.777736205371144
471.0,7.780490361481425
471.5,7.783242569125711
472.0,7.785992831746522
472.5,7.788741152776655
473.0,7.791487535639231
473.5,7.794231983747716
474.0,7.796974500505972
474.5,7.79971508930829
475.0,7.802453753539424
475.5,7.805190496574631
476.0,7.8079253217797095
476.5,7.810658232511029
477.0,7.813389232115571
477.5,7.816118323930973
478.0,7.818845511285542
478.5,7.821570797498316
479.0,7.824294185879081
479.5,7.827015679728418
480.0,7.829735282337727
480.5,7.832452996989275
481.0,7.835168826956222
481.5,7.837882775502655
482.0,7.84059484588363
482.5,7.843305041345198
483.0,7.8460133651244455
483.5,7.848719820449525
484.0,7.85142441053969
484.5,7.854127138605329
485.0,7.856828007847998
485.5,7.859527021460454
486.0,7.862224182626691
486.5,7.864919494521967
487.0,7.867612960312844
487.5,7.870304583157218
488.0,7.872994366204347
488.5,7.87568231259489
489.0,7.878368425460936
489.5,7.881052707926038
490.0,7.883735163105244
490.5,7.886415794105123
491.0,7.889094604023811
491.5,7.891771595951027
492.0,7.894446772968115
492.5,7.897120138148068
493.0,7.8997916945555655
493.5,7.902461445247001
494.0,7.9051293932705065
494.5,7.907795541666001
495.0,7.910459893465203
495.5,7.913122451691663
496.0,7.915783219360811
496.5,7.918442199479962
497.0,7.921099395048361
497.5,7.923754809057213
498.0,7.926408444489704
498.5,7.929060304321038
499.0,7.931710391518468
499.5,7.934358709041312
500.0,7.937005259840998
500.5,7.939650046861084
501.0,7.942293073037288
501.5,7.944934341297522
502.0,7.947573854561911
502.5,7.9502116157428295
503.0,7.952847627744924
503.5,7.955481893465148
504.0,7.958114415792784
504.5,7.960745197609473
505.0,7.963374241789244
505.5,7.966001551198537
506.0,7.968627128696238
506.5,7.971250977133701
507.0,7.973873099354776
507.5,7.9764934981958335
508.0,7.979112176485803
508.5,7.981729137046179
509.0,7.984344382691074
509.5,7.986957916227221
510.0,7.989569740454013
510.5,7.992179858163529
511.0,7.994788272140556
511.5,7.997394985162619
512.0,8.0
512.5,8.002603319415778
513.0,8.005204946165835
513.5,8.007804882998903
514.0,8.01040313265657
514.5,8.012999697873322
515.0,8.015594581376558
515.5,8.018187785886617
516.0,8.020779314116801
516.5,8.023369168773412
517.0,8.025957352555762
517.5,8.028543868156204
518.0,8.031128718260156
518.5,8.033711905546129
519.0,8.036293432685742
519.5,8.038873302343763
520.0,8.041451517178116
520.5,8.044028079839912
521.0,8.04660299297347
521.5,8.049176259216356
522.0,8.051747881199379
522.5,8.054317861546641
523.0,8.056886202875548
523.5,8.059452907796832
524.0,8.06201797891458
524.5,8.064581418826256
525.0,8.067143230122719
525.5,8.069703415388254
526.0,8.07226197720059
526.5,8.074818918130926
527.0,8.077374240743946
527.5,8.079927947597852
528.0,8.082480041244382
528.5,8.085030524228825
529.0,8.087579399090066
529.5,8.090126668360574
530.0,8.092672334566455
530.5,8.095216400227462
531.0,8.097758867857012
531.5,8.100299739962216
532.0,8.102839019043893
532.5,8.105376707596605
533.0,8.10791280810866
533.5,8.11044732306215
534.0,8.112980254932964
534.5,8.115511606190807
535.0,8.118041379299234
535.5,8.120569576715653
536.0,8.123096200891359
536.5,8.125621254271554
537.0,8.128144739295358
537.5,8.130666658395844
538.0,8.133187014000047
538.5,8.135705808528988
539.0,8.138223044397703
539.5,8.140738724015243
540.0,8.14325284978472
540.5,8.145765424103304
541.0,8.148276449362262
541.5,8.150785927946965
542.0,8.153293862236907
542.5,8.155800254605742
543.0,8.158305107421281
543.5,8.160808423045529
544.0,8.163310203834696
544.5,8.16581045213922
545.0,8.168309170303784
545.5,8.170806360667338
546.0,8.173302025563112
546.5,8.175796167318648
547.0,8.178288788255804
547.5,8.180779890690783
548.0,8.18326947693415
548.5,8.185757549290848
549.0,8.18824411006022
549.5,8.190729161536025
550.0,8.193212706006458
550.5,8.195694745754171
551.0,8.198175283056287
551.5,8.20065432018442
552.0,8.203131859404694
552.5,8.205607902977766
553.0,8.208082453158827
553.5,8.21055551219764
554.0,8.213027082338558
554.5,8.21549716582052
555.0,8.217965764877087
555.5,8.220432881736459
556.0,8.22289851862149
556.5,8.2253626777497
557.0,8.227825361333302
557.5,8.230286571579214
558.0,8.232746310689073
558.5,8.235204580859262
559.0,8.237661384280925
559.5,8.240116723139973
560.0,8.242570599617114
560.5,8.245023015887863
561.0,8.247473974122565
561.5,8.249923476486407
562.0,8.252371525139433
562.5,8.254818122236566
563.0,8.257263269927625
563.5,8.259706970357335
564.0,8.26214922566535
564.5,8.264590037986267
565.0,8.267029409449643
565.5,8.269467342180013
566.0,8.271903838296893
566.5,8.274338899914824
567.0,8.276772529143361
567.5,8.279204728087104
568.0,8.281635498845707
568.5,8.284064843513896
569.0,8.286492764181492
569.5,8.288919262933412
570.0,8.291344341849697
570.5,8.293768003005527
571.0,8.296190248471227
571.5,8.298611080312293
572.0,8.301030500589405
572.5,8.303448511358436
573.0,8.305865114670477
573.5,8.308280312571842
574.0,8.310694107104096
574.5,8.31310650030406
575.0,8.315517494203828
575.5,8.317927090830786
576.0,8.320335292207616
576.5,8.322742100352333
577.0,8.325147517278273
577.5,8.327551544994131
578.0,8.32995418550396
578.5,8.332355440807188
579.0,8.334755312898647
579.5,8.337153803768569
580.0,8.339550915402606
580.5,8.341946649781855
581.0,8.344341008882854
581.5,8.34673399467761
582.0,8.349125609133619
582.5,8.351515854213854
583.0,8.35390473187681
583.5,8.356292244076498
584.0,8.358678392762464
584.5,8.361063179879809
585.0,8.363446607369195
585.5,8.365828677166864
586.0,8.368209391204644
586.5,8.37058875140998
587.0,8.372966759705923
587.5,8.375343418011171
588.0,8.377718728240055
588.5,8.38009269230258
589.0,8.382465312104411
589.5,8.384836589546914
590.0,8.387206526527144
590.5,8.389575124937874
591.0,8.39194238666761
591.5,8.394308313600593
592.0,8.396672907616814
592.5,8.399036170592042
593.0,8.401398104397819
593.5,8.403758710901478
594.0,8.40611799196616
594.5,8.408475949450832
595.0,8.410832585210281
595.5,8.413187901095148
596.0,8.415541898951929
596.5,8.417894580622987
597.0,8.42024594794657
597.5,8.422596002756828
598.0,8.424944746883805
598.5,8.427292182153481
599.0,8.429638310387759
599.5,8.431983133404493
600.0,8.434326653017493
600.5,8.436668871036538
601.0,8.439009789267391
601.5,8.441349409511814
602.0,8.443687733567568
602.5,8.446024763228442
603.0,8.448360500284249
603.5,8.450694946520851
604.0,8.453028103720161
604.5,8.455359973660164
605.0,8.45769055811492
605.5,8.460019858854587
606.0,8.462347877645417
606.5,8.464674616249784
607.0,8.467000076426185
607.5,8.469324259929257
608.0,8.471647168509786
608.5,8.473968803914723
609.0,8.476289167887186
609.5,8.478608262166482
610.0,8.480926088488115
610.5,8.48324264858379
611.0,8.485557944181444
611.5,8.487871977005229
612.0,8.490184748775548
612.5,8.492496261209054
613.0,8.494806516018665
613.5,8.497115514913576
614.0,8.499423259599261
614.5,8.501729751777502
615.0,8.504034993146384
615.5,8.506338985400307
616.0,8.50864173023001
616.5,8.51094322932257
617.0,8.513243484361418
617.5,8.515542497026338
618.0,8.517840268993504
618.5,8.520136801935463
619.0,8.522432097521161
619.5,8.524726157415948
620.0,8.527018983281598
620.5,8.529310576776302
621.0,8.531600939554696
621.5,8.533890073267862
622.0,8.53617797956334
622.5,8.538464660085141
623.0,8.540750116473754
623.5,8.543034350366158
624.0,8.545317363395833
624.5,8.547599157192773
625.0,8.549879733383484
625.5,8.552159093591014
626.0,8.554437239434943
626.5,8.556714172531407
627.0,8.558989894493102
627.5,8.561264406929297
628.0,8.563537711445841
628.5,8.565809809645172
629.0,8.568080703126338
629.5,8.570350393484986
630.0,8.572618882313396
630.5,8.574886171200472
631.0,8.577152261731758
631.5,8.579417155489454
632.0,8.581680854052415
632.5,8.58394335899617
633.0,8.586204671892926
633.5,8.588464794311575
634.0,8.59072372781772
634.5,8.592981473973657
635.0,8.59523803433841
635.5,8.597493410467726
636.0,8.599747603914091
636.5,8.602000616226736
637.0,8.60425244895165
637.5,8.60650310363158
638.0,8.608752581806055
638.5,8.611000885011386
639.0,8.61324801478067
639.5,8.615493972643815
640.0,8.617738760127533
640.5,8.619982378755365
641.0,8.622224830047667
641.5,8.624466115521649
642.0,8.626706236691355
642.5,8.628945195067695
643.0,8.63118299215844
643.5,8.633419629468234
644.0,8.63565510849861
644.5,8.637889430747988
645.0,8.640122597711688
645.5,8.642354610881945
646.0,8.644585471747906
646.5,8.646815181795652
647.0,8.649043742508193
647.5,8.651271155365489
648.0,8.65349742184445
648.5,8.655722543418952
649.0,8.657946521559836
649.5,8.660169357734924
650.0,8.662391053409028
650.5,8.664611610043952
651.0,8.666831029098512
651.5,8.669049312028525
652.0,8.67126646028684
652.5,8.67348247532333
653.0,8.675697358584909
653.5,8.677911111515535
654.0,8.680123735556222
654.5,8.682335232145046
655.0,8.684545602717154
655.5,8.686754848704775
656.0,8.688962971537224
656.5,8.69116997264091
657.0,8.693375853439345
657.5,8.695580615353158
658.0,8.697784259800095
658.5,8.699986788195025
659.0,8.70218820194996
659.5,8.704388502474055
660.0,8.706587691173612
660.5,8.708785769452097
661.0,8.710982738710143
661.5,8.713178600345557
662.0,8.715373355753329
662.5,8.717567006325641
663.0,8.719759553451876
663.5,8.72195099851862
664.0,8.724141342909675
664.5,8.726330588006064
665.0,8.728518735186043
665.5,8.730705785825098
666.0,8.732891741295967
666.5,8.735076602968638
667.0,8.737260372210361
667.5,8.739443050385646
668.0,8.741624638856289
668.5,8.74380513898136
669.0,8.745984552117223
669.5,8.74816287961754
670.0,8.750340122833274
670.5,8.752516283112703
671.0,8.754691361801427
671.5,8.756865360242367
672.0,8.759038279775778
672.5,8.761210121739264
673.0,8.763380887467774
673.5,8.765550578293608
674.0,8.767719195546437
674.5,8.769886740553295
675.0,8.772053214638598
675.5,8.774218619124145
676.0,8.776382955329128
676.5,8.778546224570135
677.0,8.78070842816116
677.5,8.782869567413615
678.0,8.785029643636326
678.5,8.787188658135545
679.0,8.789346612214963
679.5,8.79150350717571
680.0,8.793659344316358
680.5,8.795814124932942
681.0,8.797967850318951
681.5,8.800120521765347
682.0,8.802272140560564
682.5,8.804422707990517
683.0,8.806572225338613
683.5,8.808720693885753
684.0,8.810868114910338
684.5,8.813014489688278
685.0,8.815159819493001
685.5,8.817304105595454
686.0,8.819447349264113
686.5,8.821589551764989
687.0,8.823730714361636
687.5,8.825870838315158
688.0,8.828009924884208
688.5,8.830147975325005
689.0,8.832284990891335
689.5,8.834420972834558
690.0,8.836555922403612
690.5,8.838689840845028
691.0,8.840822729402927
691.5,8.84295458931903
692.0,8.845085421832662
692.5,8.847215228180769
693.0,8.849344009597905
693.5,8.851471767316259
694.0,8.85359850256564
694.5,8.85572421657351
695.0,8.857848910564961
695.5,8.859972585762748
696.0,8.862095243387268
696.5,8.864216884656592
697.0,8.866337510786456
697.5,8.868457122990273
698.0,8.87057572247913
698.5,8.872693310461813
699.0,8.874809888144785
699.5,8.876925456732225
700.0,8.879040017426009
700.5,8.88115357142572
701.0,8.883266119928667
701.5,8.88537766412988
702.0,8.887488205222112
702.5,8.889597744395859
703.0,8.891706282839353
703.5,8.893813821738577
704.0,8.895920362277263
704.5,8.898025905636903
705.0,8.90013045299675
705.5,8.902234005533835
706.0,8.904336564422959
706.5,8.906438130836708
707.0,8.908538705945451
707.5,8.91063829091736
708.0,8.912736886918392
708.5,8.914834495112316
709.0,8.916931116660718
709.5,8.919026752722989
710.0,8.921121404456347
710.5,8.923215073015838
711.0,8.925307759554338
711.5,8.927399465222564
712.0,8.929490191169075
712.5,8.931579938540283
713.0,8.93366870848045
713.5,8.935756502131706
714.0,8.937843320634041
714.5,8.939929165125315
715.0,8.942014036741273
715.5,8.944097936615536
716.0,8.946180865879619
716.5,8.94826282566292
717.0,8.95034381709275
717.5,8.952423841294308
718.0,8.95450289939072
718.5,8.956580992503012
719.0,8.958658121750137
719.5,8.960734288248974
720.0,8.96280949311433
720.5,8.96488373745895
721.0,8.966957022393519
721.5,8.969029349026668
722.0,8.971100718464985
722.5,8.973171131813006
723.0,8.975240590173238
723.5,8.977309094646147
724.0,8.979376646330177
724.5,8.981443246321748
725.0,8.983508895715266
725.5,8.985573595603114
726.0,8.987637347075683
726.5,8.989700151221347
727.0,8.991762009126498
727.5,8.993822921875525
728.0,8.99588289055083
728.5,8.99794191623284
729.0,9.000000000000002
729.5,9.002057142928784
730.0,9.004113346093702
730.5,9.006168610567295
731.0,9.008222937420154
731.5,9.010276327720911
732.0,9.012328782536256
732.5,9.014380302930938
733.0,9.016430889967763
733.5,9.0184805447076
734.0,9.020529268209406
734.5,9.0225770615302
735.0,9.024623925725086
735.5,9.02666986184726
736.0,9.028714870948003
736.5,9.030758954076694
737.0,9.032802112280812
737.5,9.034844346605949
738.0,9.036885658095793
738.5,9.03892604779215
739.0,9.040965516734964
739.5,9.043004065962277
740.0,9.045041696510276
740.5,9.047078409413276
741.0,9.049114205703729
741.5,9.051149086412233
742.0,9.053183052567537
742.5,9.055216105196529
743.0,9.057248245324265
743.5,9.059279473973959
744.0,9.061309792166984
744.5,9.063339200922897
745.0,9.065367701259413
745.5,9.067395294192442
746.0,9.06942198073606
746.5,9.071447761902546
747.0,9.073472638702363
747.5,9.07549661214418
748.0,9.077519683234852
748.5,9.079541852979453
749.0,9.081563122381263
749.5,9.083583492441772
750.0,9.085602964160698
750.5,9.087621538535972
751.0,9.08963921656376
751.5,9.091655999238453
752.0,9.093671887552688
752.5,9.095686882497333
753.0,9.097700985061502
753.5,9.099714196232563
754.0,9.101726516996136
754.5,9.103737948336093
755.0,9.105748491234573
755.5,9.10775814667198
756.0,9.109766915626986
756.5,9.111774799076542
757.0,9.113781797995875
757.5,9.115787913358487
758.0,9.117793146136178
758.5,9.11979749729904
759.0,9.121800967815446
759.5,9.123803558652083
760.0,9.125805270773933
760.5,9.127806105144291
761.0,9.129806062724755
761.5,9.131805144475251
762.0,9.133803351354011
762.5,9.135800684317603
763.0,9.137797144320913
763.5,9.139792732317163
764.0,9.141787449257912
764.5,9.143781296093056
765.0,9.145774273770838
765.5,9.14776638323784
766.0,9.149757625439008
766.5,9.151748001317637
767.0,9.15373751181538
767.5,9.155726157872259
768.0,9.157713940426653
768.5,9.159700860415327
769.0,9.161686918773409
769.5,9.163672116434409
770.0,9.165656454330223
770.5,9.167639933391131
771.0,9.169622554545803
771.5,9.171604318721306
772.0,9.173585226843104
772.5,9.175565279835059
773.0,9.177544478619446
773.5,9.179522824116944
774.0,9.181500317246648
774.5,9.18347695892607
775.0,9.18545275007114
775.5,9.187427691596215
776.0,9.18940178441408
776.5,9.191375029435951
777.0,9.193347427571485
777.5,9.195318979728766
778.0,9.197289686814337
778.5,9.199259549733174
779.0,9.201228569388713
779.5,9.203196746682835
780.0,9.205164082515887
780.5,9.207130577786675
781.0,9.209096233392467
781.5,9.211061050229
782.0,9.213025029190486
782.5,9.214988171169612
783.0,9.216950477057543
783.5,9.218911947743925
784.0,9.220872584116893
784.5,9.222832387063075
785.0,9.224791357467582
785.5,9.226749496214037
786.0,9.228706804184547
786.5,9.230663282259737
787.0,9.232618931318733
787.5,9.234573752239168
788.0,9.236527745897197
788.5,9.23848091316749
789.0,9.240433254923236
789.5,9.242384772036152
790.0,9.244335465376482
790.5,9.246285335813
791.0,9.248234384213019
791.5,9.250182611442382
792.0,9.252130018365484
792.5,9.254076605845258
793.0,9.256022374743191
793.5,9.257967325919314
794.0,9.259911460232221
794.5,9.261854778539062
795.0,9.263797281695547
795.5,9.26573897055595
796.0,9.267679845973118
796.5,9.269619908798466
797.0,9.271559159881988
797.5,9.273497600072254
798.0,9.275435230216415
798.5,9.277372051160201
799.0,9.279308063747946
799.5,9.281243268822562
800.0,9.283177667225557
800.5,9.285111259797043
801.0,9.287044047375723
801.5,9.288976030798919
802.0,9.29090721090254
802.5,9.292837588521127
803.0,9.294767164487823
803.5,9.296695939634388
804.0,9.298623914791198
804.5,9.300551090787271
805.0,9.30247746845023
805.5,9.304403048606336
806.0,9.306327832080482
806.5,9.308251819696203
807.0,9.310175012275657
807.5,9.312097410639662
808.0,9.314019015607672
808.5,9.315939827997784
809.0,9.317859848626757
809.5,9.319779078310003
810.0,9.321697517861576
810.5,9.32361516809421
811.0,9.325532029819291
811.5,9.327448103846876
812.0,9.329363390985687
812.5,9.33127789204312
813.0,9.333191607825253
813.5,9.335104539136829
814.0,9.337016686781281
814.5,9.338928051560728
815.0,9.340838634275975
815.5,9.34274843572651
816.0,9.344657456710518
816.5,9.34656569802489
817.0,9.348473160465197
817.5,9.350379844825733
818.0,9.352285751899476
818.5,9.354190882478127
819.0,9.356095237352092
819.5,9.35799881731049
820.0,9.359901623141157
820.5,9.361803655630649
821.0,9.363704915564242
821.5,9.365605403725944
822.0,9.367505120898477
822.5,9.369404067863305
823.0,9.371302245400626
823.5,9.373199654289367
824.0,9.375096295307197
824.5,9.37699216923053
825.0,9.378887276834517
825.5,9.380781618893067
826.0,9.382675196178836
826.5,9.384568009463225
827.0,9.386460059516399
827.5,9.38835134710728
828.0,9.390241873003552
828.5,9.392131637971657
829.0,9.39402064277681
829.5,9.395908888183
830.0,9.397796374952975
830.5,9.399683103848266
831.0,9.401569075629183
831.5,9.403454291054816
832.0,9.40533875088303
832.5,9.407222455870487
833.0,9.40910540677263
833.5,9.410987604343697
834.0,9.412869049336713
834.5,9.414749742503512
835.0,9.416629684594712
835.5,9.418508876359743
836.0,9.420387318546839
836.5,9.422265011903036
837.0,9.42414195717418
837.5,9.42601815510493
838.0,9.427893606438763
838.5,9.429768311917973
839.0,9.431642272283664
839.5,9.433515488275777
840.0,9.435387960633067
840.5,9.437259690093123
841.0,9.439130677392361
841.5,9.441000923266033
842.0,9.442870428448218
842.5,9.444739193671845
843.0,9.446607219668671
843.5,9.448474507169303
844.0,9.450341056903197
844.5,9.452206869598651
845.0,9.45407194598281
845.5,9.455936286781675
846.0,9.457799892720109
846.5,9.459662764521825
847.0,9.461524902909401
847.5,9.463386308604269
848.0,9.465246982326738
848.5,9.467106924795978
849.0,9.468966136730028
849.5,9.470824618845803
850.0,9.472682371859095
850.5,9.47453939648457
851.0,9.47639569343577
851.5,9.478251263425124
852.0,9.48010610716395
852.5,9.48196022536244
853.0,9.48381361872969
853.5,9.48566628797368
854.0,9.487518233801287
854.5,9.48936945691828
855.0,9.491219958029331
855.5,9.493069737838011
856.0,9.4949187970468
856.5,9.496767136357079
857.0,9.498614756469134
857.5,9.500461658082171
858.0,9.502307841894304
858.5,9.504153308602564
859.0,9.505998058902891
859.5,9.507842093490156
860.0,9.509685413058152
860.5,9.511528018299586
861.0,9.513369909906105
861.5,9.515211088568279
862.0,9.517051554975602
862.5,9.518891309816517
863.0,9.52073035377839
863.5,9.522568687547535
864.0,9.524406311809198
864.5,9.526243227247573
865.0,9.528079434545795
865.5,9.52991493438595
866.0,9.531749727449075
866.5,9.53358381441515
867.0,9.53541719596312
867.5,9.537249872770879
868.0,9.539081845515279
868.5,9.540913114872135
869.0,9.542743681516225
869.5,9.544573546121288
870.0,9.54640270936004
870.5,9.548231171904153
871.0,9.550058934424278
871.5,9.55188599759004
872.0,9.553712362070033
872.5,9.555538028531839
873.0,9.557362997642013
873.5,9.559187270066095
874.0,9.561010846468607
874.5,9.562833727513057
875.0,9.564655913861946
875.5,9.566477406176762
876.0,9.568298205117985
876.5,9.570118311345094
877.0,9.571937725516563
877.5,9.573756448289862
878.0,9.575574480321466
878.5,9.577391822266852
879.0,9.579208474780504
879.5,9.58102443851591
880.0,9.582839714125567
880.5,9.584654302260992
881.0,9.586468203572705
881.5,9.588281418710249
882.0,9.59009394832218
882.5,9.591905793056073
883.0,9.593716953558534
883.5,9.595527430475181
884.0,9.597337224450664
884.5,9.599146336128662
885.0,9.60095476615188
885.5,9.602762515162057
886.0,9.604569583799966
886.5,9.606375972705415
887.0,9.60818168251725
887.5,9.609986713873358
888.0,9.611791067410666
888.5,9.613594743765148
889.0,9.61539774357182
889.5,9.617200067464747
890.0,9.619001716077046
890.5,9.620802690040884
891.0,9.62260298998748
891.5,9.62440261654711
892.0,9.626201570349108
892.5,9.627999852021869
893.0,9.629797462192846
893.5,9.63159440148856
894.0,9.633390670534586
894.5,9.63518626995558
895.0,9.636981200375264
895.5,9.63877546241642
896.0,9.640569056700922
896.5,9.642361983849696
897.0,9.644154244482767
897.5,9.645945839219223
898.0,9.647736768677241
898.5,9.649527033474074
899.0,9.651316634226061
899.5,9.65310557154863
900.0,9.654893846056298
900.5,9.656681458362666
901.0,9.658468409080427
901.5,9.660254698821376
902.0,9.662040328196392
902.5,9.663825297815459
903.0,9.665609608287658
903.5,9.667393260221171
904.0,9.669176254223279
904.5,9.670958590900371
905.0,9.672740270857945
905.5,9.6745212947006
906.0,9.67630166303205
906.5,9.67808137645512
907.0,9.679860435571749
907.5,9.681638840982988
908.0,9.683416593289008
908.5,9.685193693089097
909.0,9.68697014098167
909.5,9.688745937564251
910.0,9.690521083433502
910.5,9.692295579185203
911.0,9.694069425414265
911.5,9.695842622714727
912.0,9.697615171679757
912.5,9.699387072901667
913.0,9.701158326971886
913.5,9.702928934480992
914.0,9.704698896018698
914.5,9.706468212173856
915.0,9.708236883534465
915.5,9.710004910687653
916.0,9.711772294219712
916.5,9.713539034716069
917.0,9.7153051327613
917.5,9.717070588939134
918.0,9.71883540383245
918.5,9.720599578023284
919.0,9.722363112092824
919.5,9.724126006621413
920.0,9.725888262188558
920.5,9.727649879372926
921.0,9.729410858752338
921.5,9.73117120090379
922.0,9.732930906403432
922.5,9.73468997582659
923.0,9.736448409747755
923.5,9.738206208740587
924.0,9.739963373377918
924.5,9.74171990423176
925.0,9.74347580187329
925.5,9.745231066872867
926.0,9.74698569980003
926.5,9.748739701223498
927.0,9.750493071711169
927.5,9.752245811830122
928.0,9.753997922146626
928.5,9.755749403226138
929.0,9.757500255633296
929.5,9.759250479931936
930.0,9.761000076685075
930.5,9.762749046454935
931.0,9.764497389802925
931.5,9.766245107289649
932.0,9.767992199474914
932.5,9.769738666917723
933.0,9.77148451017628
933.5,9.773229729807994
934.0,9.774974326369472
934.5,9.776718300416533
935.0,9.7784616525042
935.5,9.780204383186708
936.0,9.781946493017497
936.5,9.78368798254922
937.0,9.785428852333746
937.5,9.78716910292216
938.0,9.788908734864755
938.5,9.790647748711052
939.0,9.792386145009786
939.5,9.794123924308913
940.0,9.795861087155615
940.5,9.797597634096293
941.0,9.799333565676578
941.5,9.801068882441324
942.0,9.802803584934619
942.5,9.804537673699773
943.0,9.806271149279336
943.5,9.808004012215084
944.0,9.809736263048034
944.5,9.811467902318432
945.0,9.813198930565768
945.5,9.81492934832877
946.0,9.816659156145398
946.5,9.818388354552866
947.0,9.820116944087623
947.5,9.821844925285367
948.0,9.82357229868104
948.5,9.825299064808833
949.0,9.827025224202185
949.5,9.82875077739379
950.0,9.830475724915585
950.5,9.83220006729877
951.0,9.833923805073795
951.5,9.83564693877037
952.0,9.837369468917457
952.5,9.839091396043282
953.0,9.84081272067533
953.5,9.842533443340347
954.0,9.844253564564347
954.5,9.845973084872607
955.0,9.847692004789668
955.5,9.849410324839337
956.0,9.851128045544698
956.5,9.852845167428098
957.0,9.854561691011158
957.5,9.85627761681478
958.0,9.857992945359124
958.5,9.859707677163643
959.0,9.861421812747063
959.5,9.86313535262738
960.0,9.86484829732188
960.5,9.866560647347129
961.0,9.868272403218974
961.5,9.869983565452547
962.0,9.871694134562265
962.5,9.873404111061834
963.0,9.875113495464248
963.5,9.87682228828179
964.0,9.878530490026035
964.5,9.88023810120785
965.0,9.881945122337394
965.5,9.883651553924125
966.0,9.885357396476799
966.5,9.887062650503461
967.0,9.888767316511466
967.5,9.890471395007461
968.0,9.892174886497402
968.5,9.893877791486542
969.0,9.895580110479443
969.5,9.897281843979966
970.0,9.898982992491295
970.5,9.9006835565159
971.0,9.90238353655558
971.5,9.904082933111434
972.0,9.905781746683882
972.5,9.907479977772644
973.0,9.909177626876772
973.5,9.91087469449462
974.0,9.91257118112387
974.5,9.914267087261514
975.0,9.915962413403873
975.5,9.917657160046584
976.0,9.919351327684602
976.5,9.921044916812217
977.0,9.922737927923036
977.5,9.924430361509996
978.0,9.92612221806536
978.5,9.927813498080724
979.0,9.929504202047008
979.5,9.931194330454465
980.0,9.932883883792687
980.5,9.93457286255059
981.0,9.936261267216437
981.5,9.937949098277816
982.0,9.939636356221659
982.5,9.941323041534236
983.0,9.943009154701157
983.5,9.944694696207375
984.0,9.946379666537181
984.5,9.948064066174215
985.0,9.94974789560146
985.5,9.951431155301245
986.0,9.953113845755247
986.5,9.954795967444493
987.0,9.956477520849358
987.5,9.958158506449566
988.0,9.959838924724199
988.5,9.96151877615169
989.0,9.963198061209825
989.5,9.96487678037575
990.0,9.966554934125964
990.5,9.968232522936326
991.0,9.969909547282054
991.5,9.971586007637729
992.0,9.973261904477292
992.5,9.974937238274046
993.0,9.976612009500663
993.5,9.978286218629172
994.0,9.979959866130976
994.5,9.981632952476845
995.0,9.983305478136915
995.5,9.984977443580691
996.0,9.986648849277056
996.5,9.98831969569426
997.0,9.989989983299925
997.5,9.991659712561056
998.0,9.993328883944024
998.5,9.99499749791458
999.0,9.996665554937861
999.5,9.99833305547837
1000.0,10.0
